image_path,label,subject_id,session_id,sequence_id,timestamp_sec,source_video,source_json,original_label,normalized_label,has_hands_video,hands_motion_score,group_id,split,predicted_label,predicted_probability,error_type
/Users/usuario/kenya/mostacho_v2.2/artifacts/dmd_processed_dmd_r3/images/dmd__gB__10__s1__gB_10_s1_2019-03-11T15_24_54_01_00_rgb_face/t_0047.250_label_1.jpg,1,actor_10,session_s1,dmd__gB__10__s1__gB_10_s1_2019-03-11T15_24_54_01_00_rgb_face,47.25,/Users/usuario/kenya/db/artificialvision/dmd/gB/10/s1/gB_10_s1_2019-03-11T15;24;54+01;00_rgb_face.mp4,/Users/usuario/kenya/db/artificialvision/dmd/gB/10/s1/gB_10_s1_2019-03-11T15;24;54+01;00_rgb_ann_distraction.json,driver_actions/drinking,driver actions drinking,False,-1.0,actor_10,test,0,0.04559813,false_negative
/Users/usuario/kenya/mostacho_v2.2/artifacts/dmd_processed_dmd_r3/images/dmd__gB__10__s1__gB_10_s1_2019-03-11T15_24_54_01_00_rgb_face/t_0051.000_label_1.jpg,1,actor_10,session_s1,dmd__gB__10__s1__gB_10_s1_2019-03-11T15_24_54_01_00_rgb_face,51.0,/Users/usuario/kenya/db/artificialvision/dmd/gB/10/s1/gB_10_s1_2019-03-11T15;24;54+01;00_rgb_face.mp4,/Users/usuario/kenya/db/artificialvision/dmd/gB/10/s1/gB_10_s1_2019-03-11T15;24;54+01;00_rgb_ann_distraction.json,driver_actions/drinking,driver actions drinking,False,-1.0,actor_10,test,0,0.025438484,false_negative
/Users/usuario/kenya/mostacho_v2.2/artifacts/dmd_processed_dmd_r3/images/dmd__gB__10__s1__gB_10_s1_2019-03-11T15_24_54_01_00_rgb_face/t_0054.750_label_1.jpg,1,actor_10,session_s1,dmd__gB__10__s1__gB_10_s1_2019-03-11T15_24_54_01_00_rgb_face,54.75,/Users/usuario/kenya/db/artificialvision/dmd/gB/10/s1/gB_10_s1_2019-03-11T15;24;54+01;00_rgb_face.mp4,/Users/usuario/kenya/db/artificialvision/dmd/gB/10/s1/gB_10_s1_2019-03-11T15;24;54+01;00_rgb_ann_distraction.json,driver_actions/drinking,driver actions drinking,False,-1.0,actor_10,test,0,0.049687847,false_negative
/Users/usuario/kenya/mostacho_v2.2/artifacts/dmd_processed_dmd_r3/images/dmd__gB__10__s1__gB_10_s1_2019-03-11T15_24_54_01_00_rgb_face/t_0097.500_label_1.jpg,1,actor_10,session_s1,dmd__gB__10__s1__gB_10_s1_2019-03-11T15_24_54_01_00_rgb_face,97.5,/Users/usuario/kenya/db/artificialvision/dmd/gB/10/s1/gB_10_s1_2019-03-11T15;24;54+01;00_rgb_face.mp4,/Users/usuario/kenya/db/artificialvision/dmd/gB/10/s1/gB_10_s1_2019-03-11T15;24;54+01;00_rgb_ann_distraction.json,driver_actions/drinking,driver actions drinking,False,-1.0,actor_10,test,0,0.03239477,false_negative
/Users/usuario/kenya/mostacho_v2.2/artifacts/dmd_processed_dmd_r3/images/dmd__gB__10__s1__gB_10_s1_2019-03-11T15_24_54_01_00_rgb_face/t_0100.500_label_1.jpg,1,actor_10,session_s1,dmd__gB__10__s1__gB_10_s1_2019-03-11T15_24_54_01_00_rgb_face,100.5,/Users/usuario/kenya/db/artificialvision/dmd/gB/10/s1/gB_10_s1_2019-03-11T15;24;54+01;00_rgb_face.mp4,/Users/usuario/kenya/db/artificialvision/dmd/gB/10/s1/gB_10_s1_2019-03-11T15;24;54+01;00_rgb_ann_distraction.json,driver_actions/drinking,driver actions drinking,False,-1.0,actor_10,test,0,0.01659219,false_negative
/Users/usuario/kenya/mostacho_v2.2/artifacts/dmd_processed_dmd_r3/images/dmd__gB__10__s1__gB_10_s1_2019-03-11T15_24_54_01_00_rgb_face/t_0137.250_label_1.jpg,1,actor_10,session_s1,dmd__gB__10__s1__gB_10_s1_2019-03-11T15_24_54_01_00_rgb_face,137.25,/Users/usuario/kenya/db/artificialvision/dmd/gB/10/s1/gB_10_s1_2019-03-11T15;24;54+01;00_rgb_face.mp4,/Users/usuario/kenya/db/artificialvision/dmd/gB/10/s1/gB_10_s1_2019-03-11T15;24;54+01;00_rgb_ann_distraction.json,driver_actions/drinking,driver actions drinking,False,-1.0,actor_10,test,0,0.030226879,false_negative
/Users/usuario/kenya/mostacho_v2.2/artifacts/dmd_processed_dmd_r3/images/dmd__gB__10__s2__gB_10_s2_2019-03-11T15_15_21_01_00_rgb_face/t_0029.250_label_1.jpg,1,actor_10,session_s2,dmd__gB__10__s2__gB_10_s2_2019-03-11T15_15_21_01_00_rgb_face,29.25,/Users/usuario/kenya/db/artificialvision/dmd/gB/10/s2/gB_10_s2_2019-03-11T15;15;21+01;00_rgb_face.mp4,/Users/usuario/kenya/db/artificialvision/dmd/gB/10/s2/gB_10_s2_2019-03-11T15;15;21+01;00_rgb_ann_distraction.json,driver_actions/hair_and_makeup,driver actions hair and makeup,False,-1.0,actor_10,test,0,0.2744674,false_negative
/Users/usuario/kenya/mostacho_v2.2/artifacts/dmd_processed_dmd_r3/images/dmd__gB__10__s2__gB_10_s2_2019-03-11T15_15_21_01_00_rgb_face/t_0030.000_label_1.jpg,1,actor_10,session_s2,dmd__gB__10__s2__gB_10_s2_2019-03-11T15_15_21_01_00_rgb_face,30.0,/Users/usuario/kenya/db/artificialvision/dmd/gB/10/s2/gB_10_s2_2019-03-11T15;15;21+01;00_rgb_face.mp4,/Users/usuario/kenya/db/artificialvision/dmd/gB/10/s2/gB_10_s2_2019-03-11T15;15;21+01;00_rgb_ann_distraction.json,driver_actions/hair_and_makeup,driver actions hair and makeup,False,-1.0,actor_10,test,0,0.25184605,false_negative
/Users/usuario/kenya/mostacho_v2.2/artifacts/dmd_processed_dmd_r3/images/dmd__gB__10__s2__gB_10_s2_2019-03-11T15_15_21_01_00_rgb_face/t_0030.750_label_1.jpg,1,actor_10,session_s2,dmd__gB__10__s2__gB_10_s2_2019-03-11T15_15_21_01_00_rgb_face,30.75,/Users/usuario/kenya/db/artificialvision/dmd/gB/10/s2/gB_10_s2_2019-03-11T15;15;21+01;00_rgb_face.mp4,/Users/usuario/kenya/db/artificialvision/dmd/gB/10/s2/gB_10_s2_2019-03-11T15;15;21+01;00_rgb_ann_distraction.json,driver_actions/hair_and_makeup,driver actions hair and makeup,False,-1.0,actor_10,test,0,0.26504296,false_negative
/Users/usuario/kenya/mostacho_v2.2/artifacts/dmd_processed_dmd_r3/images/dmd__gB__10__s2__gB_10_s2_2019-03-11T15_15_21_01_00_rgb_face/t_0033.750_label_1.jpg,1,actor_10,session_s2,dmd__gB__10__s2__gB_10_s2_2019-03-11T15_15_21_01_00_rgb_face,33.75,/Users/usuario/kenya/db/artificialvision/dmd/gB/10/s2/gB_10_s2_2019-03-11T15;15;21+01;00_rgb_face.mp4,/Users/usuario/kenya/db/artificialvision/dmd/gB/10/s2/gB_10_s2_2019-03-11T15;15;21+01;00_rgb_ann_distraction.json,driver_actions/hair_and_makeup,driver actions hair and makeup,False,-1.0,actor_10,test,0,0.03427175,false_negative
/Users/usuario/kenya/mostacho_v2.2/artifacts/dmd_processed_dmd_r3/images/dmd__gB__10__s2__gB_10_s2_2019-03-11T15_15_21_01_00_rgb_face/t_0106.500_label_1.jpg,1,actor_10,session_s2,dmd__gB__10__s2__gB_10_s2_2019-03-11T15_15_21_01_00_rgb_face,106.5,/Users/usuario/kenya/db/artificialvision/dmd/gB/10/s2/gB_10_s2_2019-03-11T15;15;21+01;00_rgb_face.mp4,/Users/usuario/kenya/db/artificialvision/dmd/gB/10/s2/gB_10_s2_2019-03-11T15;15;21+01;00_rgb_ann_distraction.json,driver_actions/phonecall_right,driver actions phonecall right,False,-1.0,actor_10,test,0,0.016844386,false_negative
/Users/usuario/kenya/mostacho_v2.2/artifacts/dmd_processed_dmd_r3/images/dmd__gB__10__s2__gB_10_s2_2019-03-11T15_15_21_01_00_rgb_face/t_0119.250_label_1.jpg,1,actor_10,session_s2,dmd__gB__10__s2__gB_10_s2_2019-03-11T15_15_21_01_00_rgb_face,119.25,/Users/usuario/kenya/db/artificialvision/dmd/gB/10/s2/gB_10_s2_2019-03-11T15;15;21+01;00_rgb_face.mp4,/Users/usuario/kenya/db/artificialvision/dmd/gB/10/s2/gB_10_s2_2019-03-11T15;15;21+01;00_rgb_ann_distraction.json,driver_actions/texting_right,driver actions texting right,False,-1.0,actor_10,test,0,0.031275533,false_negative
/Users/usuario/kenya/mostacho_v2.2/artifacts/dmd_processed_dmd_r3/images/dmd__gB__10__s2__gB_10_s2_2019-03-11T15_15_21_01_00_rgb_face/t_0192.000_label_1.jpg,1,actor_10,session_s2,dmd__gB__10__s2__gB_10_s2_2019-03-11T15_15_21_01_00_rgb_face,192.0,/Users/usuario/kenya/db/artificialvision/dmd/gB/10/s2/gB_10_s2_2019-03-11T15;15;21+01;00_rgb_face.mp4,/Users/usuario/kenya/db/artificialvision/dmd/gB/10/s2/gB_10_s2_2019-03-11T15;15;21+01;00_rgb_ann_distraction.json,driver_actions/phonecall_right,driver actions phonecall right,False,-1.0,actor_10,test,0,0.03518924,false_negative
/Users/usuario/kenya/mostacho_v2.2/artifacts/dmd_processed_dmd_r3/images/dmd__gB__10__s2__gB_10_s2_2019-03-11T15_15_21_01_00_rgb_face/t_0192.750_label_1.jpg,1,actor_10,session_s2,dmd__gB__10__s2__gB_10_s2_2019-03-11T15_15_21_01_00_rgb_face,192.75,/Users/usuario/kenya/db/artificialvision/dmd/gB/10/s2/gB_10_s2_2019-03-11T15;15;21+01;00_rgb_face.mp4,/Users/usuario/kenya/db/artificialvision/dmd/gB/10/s2/gB_10_s2_2019-03-11T15;15;21+01;00_rgb_ann_distraction.json,driver_actions/texting_right,driver actions texting right,False,-1.0,actor_10,test,0,0.022124518,false_negative
/Users/usuario/kenya/mostacho_v2.2/artifacts/dmd_processed_dmd_r3/images/dmd__gB__10__s2__gB_10_s2_2019-03-11T15_15_21_01_00_rgb_face/t_0209.250_label_1.jpg,1,actor_10,session_s2,dmd__gB__10__s2__gB_10_s2_2019-03-11T15_15_21_01_00_rgb_face,209.25,/Users/usuario/kenya/db/artificialvision/dmd/gB/10/s2/gB_10_s2_2019-03-11T15;15;21+01;00_rgb_face.mp4,/Users/usuario/kenya/db/artificialvision/dmd/gB/10/s2/gB_10_s2_2019-03-11T15;15;21+01;00_rgb_ann_distraction.json,driver_actions/texting_right,driver actions texting right,False,-1.0,actor_10,test,0,0.047401976,false_negative
/Users/usuario/kenya/mostacho_v2.2/artifacts/dmd_processed_dmd_r3/images/dmd__gB__10__s2__gB_10_s2_2019-03-11T15_15_21_01_00_rgb_face/t_0246.750_label_1.jpg,1,actor_10,session_s2,dmd__gB__10__s2__gB_10_s2_2019-03-11T15_15_21_01_00_rgb_face,246.75,/Users/usuario/kenya/db/artificialvision/dmd/gB/10/s2/gB_10_s2_2019-03-11T15;15;21+01;00_rgb_face.mp4,/Users/usuario/kenya/db/artificialvision/dmd/gB/10/s2/gB_10_s2_2019-03-11T15;15;21+01;00_rgb_ann_distraction.json,driver_actions/hair_and_makeup,driver actions hair and makeup,False,-1.0,actor_10,test,0,0.22364755,false_negative
/Users/usuario/kenya/mostacho_v2.2/artifacts/dmd_processed_dmd_r3/images/dmd__gB__10__s2__gB_10_s2_2019-03-11T15_15_21_01_00_rgb_face/t_0248.250_label_1.jpg,1,actor_10,session_s2,dmd__gB__10__s2__gB_10_s2_2019-03-11T15_15_21_01_00_rgb_face,248.25,/Users/usuario/kenya/db/artificialvision/dmd/gB/10/s2/gB_10_s2_2019-03-11T15;15;21+01;00_rgb_face.mp4,/Users/usuario/kenya/db/artificialvision/dmd/gB/10/s2/gB_10_s2_2019-03-11T15;15;21+01;00_rgb_ann_distraction.json,driver_actions/hair_and_makeup,driver actions hair and makeup,False,-1.0,actor_10,test,0,0.060879268,false_negative
/Users/usuario/kenya/mostacho_v2.2/artifacts/dmd_processed_dmd_r3/images/dmd__gB__10__s2__gB_10_s2_2019-03-11T15_15_21_01_00_rgb_face/t_0273.000_label_1.jpg,1,actor_10,session_s2,dmd__gB__10__s2__gB_10_s2_2019-03-11T15_15_21_01_00_rgb_face,273.0,/Users/usuario/kenya/db/artificialvision/dmd/gB/10/s2/gB_10_s2_2019-03-11T15;15;21+01;00_rgb_face.mp4,/Users/usuario/kenya/db/artificialvision/dmd/gB/10/s2/gB_10_s2_2019-03-11T15;15;21+01;00_rgb_ann_distraction.json,driver_actions/phonecall_left,driver actions phonecall left,False,-1.0,actor_10,test,0,0.04124009,false_negative
/Users/usuario/kenya/mostacho_v2.2/artifacts/dmd_processed_dmd_r3/images/dmd__gB__10__s2__gB_10_s2_2019-03-11T15_15_21_01_00_rgb_face/t_0301.500_label_1.jpg,1,actor_10,session_s2,dmd__gB__10__s2__gB_10_s2_2019-03-11T15_15_21_01_00_rgb_face,301.5,/Users/usuario/kenya/db/artificialvision/dmd/gB/10/s2/gB_10_s2_2019-03-11T15;15;21+01;00_rgb_face.mp4,/Users/usuario/kenya/db/artificialvision/dmd/gB/10/s2/gB_10_s2_2019-03-11T15;15;21+01;00_rgb_ann_distraction.json,driver_actions/phonecall_left,driver actions phonecall left,False,-1.0,actor_10,test,0,0.1813228,false_negative
/Users/usuario/kenya/mostacho_v2.2/artifacts/dmd_processed_dmd_r3/images/dmd__gB__10__s2__gB_10_s2_2019-03-11T15_15_21_01_00_rgb_face/t_0303.000_label_1.jpg,1,actor_10,session_s2,dmd__gB__10__s2__gB_10_s2_2019-03-11T15_15_21_01_00_rgb_face,303.0,/Users/usuario/kenya/db/artificialvision/dmd/gB/10/s2/gB_10_s2_2019-03-11T15;15;21+01;00_rgb_face.mp4,/Users/usuario/kenya/db/artificialvision/dmd/gB/10/s2/gB_10_s2_2019-03-11T15;15;21+01;00_rgb_ann_distraction.json,driver_actions/phonecall_left,driver actions phonecall left,False,-1.0,actor_10,test,0,0.29697496,false_negative
/Users/usuario/kenya/mostacho_v2.2/artifacts/dmd_processed_dmd_r3/images/dmd__gB__10__s2__gB_10_s2_2019-03-11T15_15_21_01_00_rgb_face/t_0321.750_label_1.jpg,1,actor_10,session_s2,dmd__gB__10__s2__gB_10_s2_2019-03-11T15_15_21_01_00_rgb_face,321.75,/Users/usuario/kenya/db/artificialvision/dmd/gB/10/s2/gB_10_s2_2019-03-11T15;15;21+01;00_rgb_face.mp4,/Users/usuario/kenya/db/artificialvision/dmd/gB/10/s2/gB_10_s2_2019-03-11T15;15;21+01;00_rgb_ann_distraction.json,driver_actions/phonecall_left,driver actions phonecall left,False,-1.0,actor_10,test,0,0.29766417,false_negative
/Users/usuario/kenya/mostacho_v2.2/artifacts/dmd_processed_dmd_r3/images/dmd__gB__10__s2__gB_10_s2_2019-03-11T15_15_21_01_00_rgb_face/t_0324.000_label_1.jpg,1,actor_10,session_s2,dmd__gB__10__s2__gB_10_s2_2019-03-11T15_15_21_01_00_rgb_face,324.0,/Users/usuario/kenya/db/artificialvision/dmd/gB/10/s2/gB_10_s2_2019-03-11T15;15;21+01;00_rgb_face.mp4,/Users/usuario/kenya/db/artificialvision/dmd/gB/10/s2/gB_10_s2_2019-03-11T15;15;21+01;00_rgb_ann_distraction.json,driver_actions/phonecall_left,driver actions phonecall left,False,-1.0,actor_10,test,0,0.30164456,false_negative
/Users/usuario/kenya/mostacho_v2.2/artifacts/dmd_processed_dmd_r3/images/dmd__gB__10__s2__gB_10_s2_2019-03-11T15_15_21_01_00_rgb_face/t_0363.000_label_1.jpg,1,actor_10,session_s2,dmd__gB__10__s2__gB_10_s2_2019-03-11T15_15_21_01_00_rgb_face,363.0,/Users/usuario/kenya/db/artificialvision/dmd/gB/10/s2/gB_10_s2_2019-03-11T15;15;21+01;00_rgb_face.mp4,/Users/usuario/kenya/db/artificialvision/dmd/gB/10/s2/gB_10_s2_2019-03-11T15;15;21+01;00_rgb_ann_distraction.json,driver_actions/phonecall_left,driver actions phonecall left,False,-1.0,actor_10,test,0,0.032604367,false_negative
/Users/usuario/kenya/mostacho_v2.2/artifacts/dmd_processed_dmd_r3/images/dmd__gB__10__s2__gB_10_s2_2019-03-11T15_15_21_01_00_rgb_face/t_0377.250_label_1.jpg,1,actor_10,session_s2,dmd__gB__10__s2__gB_10_s2_2019-03-11T15_15_21_01_00_rgb_face,377.25,/Users/usuario/kenya/db/artificialvision/dmd/gB/10/s2/gB_10_s2_2019-03-11T15;15;21+01;00_rgb_face.mp4,/Users/usuario/kenya/db/artificialvision/dmd/gB/10/s2/gB_10_s2_2019-03-11T15;15;21+01;00_rgb_ann_distraction.json,driver_actions/texting_left,driver actions texting left,False,-1.0,actor_10,test,0,0.05396211,false_negative
/Users/usuario/kenya/mostacho_v2.2/artifacts/dmd_processed_dmd_r3/images/dmd__gB__10__s2__gB_10_s2_2019-03-11T15_15_21_01_00_rgb_face/t_0405.750_label_1.jpg,1,actor_10,session_s2,dmd__gB__10__s2__gB_10_s2_2019-03-11T15_15_21_01_00_rgb_face,405.75,/Users/usuario/kenya/db/artificialvision/dmd/gB/10/s2/gB_10_s2_2019-03-11T15;15;21+01;00_rgb_face.mp4,/Users/usuario/kenya/db/artificialvision/dmd/gB/10/s2/gB_10_s2_2019-03-11T15;15;21+01;00_rgb_ann_distraction.json,driver_actions/texting_left,driver actions texting left,False,-1.0,actor_10,test,0,0.042792935,false_negative
/Users/usuario/kenya/mostacho_v2.2/artifacts/dmd_processed_dmd_r3/images/dmd__gB__10__s2__gB_10_s2_2019-03-11T15_15_21_01_00_rgb_face/t_0483.750_label_1.jpg,1,actor_10,session_s2,dmd__gB__10__s2__gB_10_s2_2019-03-11T15_15_21_01_00_rgb_face,483.75,/Users/usuario/kenya/db/artificialvision/dmd/gB/10/s2/gB_10_s2_2019-03-11T15;15;21+01;00_rgb_face.mp4,/Users/usuario/kenya/db/artificialvision/dmd/gB/10/s2/gB_10_s2_2019-03-11T15;15;21+01;00_rgb_ann_distraction.json,driver_actions/texting_left,driver actions texting left,False,-1.0,actor_10,test,0,0.061895374,false_negative
/Users/usuario/kenya/mostacho_v2.2/artifacts/dmd_processed_dmd_r3/images/dmd__gB__10__s2__gB_10_s2_2019-03-11T15_15_21_01_00_rgb_face/t_0502.500_label_1.jpg,1,actor_10,session_s2,dmd__gB__10__s2__gB_10_s2_2019-03-11T15_15_21_01_00_rgb_face,502.5,/Users/usuario/kenya/db/artificialvision/dmd/gB/10/s2/gB_10_s2_2019-03-11T15;15;21+01;00_rgb_face.mp4,/Users/usuario/kenya/db/artificialvision/dmd/gB/10/s2/gB_10_s2_2019-03-11T15;15;21+01;00_rgb_ann_distraction.json,driver_actions/hair_and_makeup,driver actions hair and makeup,False,-1.0,actor_10,test,0,0.10001315,false_negative
/Users/usuario/kenya/mostacho_v2.2/artifacts/dmd_processed_dmd_r3/images/dmd__gB__10__s2__gB_10_s2_2019-03-11T15_15_21_01_00_rgb_face/t_0510.750_label_1.jpg,1,actor_10,session_s2,dmd__gB__10__s2__gB_10_s2_2019-03-11T15_15_21_01_00_rgb_face,510.75,/Users/usuario/kenya/db/artificialvision/dmd/gB/10/s2/gB_10_s2_2019-03-11T15;15;21+01;00_rgb_face.mp4,/Users/usuario/kenya/db/artificialvision/dmd/gB/10/s2/gB_10_s2_2019-03-11T15;15;21+01;00_rgb_ann_distraction.json,driver_actions/hair_and_makeup,driver actions hair and makeup,False,-1.0,actor_10,test,0,0.113431774,false_negative
/Users/usuario/kenya/mostacho_v2.2/artifacts/dmd_processed_dmd_r3/images/dmd__gB__8__s1__gB_8_s1_2019-03-11T15_01_33_01_00_rgb_face/t_0003.000_label_0.jpg,0,actor_8,session_s1,dmd__gB__8__s1__gB_8_s1_2019-03-11T15_01_33_01_00_rgb_face,3.0,/Users/usuario/kenya/db/artificialvision/dmd/gB/8/s1/gB_8_s1_2019-03-11T15;01;33+01;00_rgb_face.mp4,/Users/usuario/kenya/db/artificialvision/dmd/gB/8/s1/gB_8_s1_2019-03-11T15;01;33+01;00_rgb_ann_distraction.json,driver_actions/unclassified,driver actions unclassified,False,-1.0,actor_8,test,1,0.9732623,false_positive
/Users/usuario/kenya/mostacho_v2.2/artifacts/dmd_processed_dmd_r3/images/dmd__gB__8__s1__gB_8_s1_2019-03-11T15_01_33_01_00_rgb_face/t_0006.000_label_0.jpg,0,actor_8,session_s1,dmd__gB__8__s1__gB_8_s1_2019-03-11T15_01_33_01_00_rgb_face,6.0,/Users/usuario/kenya/db/artificialvision/dmd/gB/8/s1/gB_8_s1_2019-03-11T15;01;33+01;00_rgb_face.mp4,/Users/usuario/kenya/db/artificialvision/dmd/gB/8/s1/gB_8_s1_2019-03-11T15;01;33+01;00_rgb_ann_distraction.json,driver_actions/safe_drive,driver actions safe drive,False,-1.0,actor_8,test,1,0.3218739,false_positive
/Users/usuario/kenya/mostacho_v2.2/artifacts/dmd_processed_dmd_r3/images/dmd__gB__8__s1__gB_8_s1_2019-03-11T15_01_33_01_00_rgb_face/t_0048.750_label_0.jpg,0,actor_8,session_s1,dmd__gB__8__s1__gB_8_s1_2019-03-11T15_01_33_01_00_rgb_face,48.75,/Users/usuario/kenya/db/artificialvision/dmd/gB/8/s1/gB_8_s1_2019-03-11T15;01;33+01;00_rgb_face.mp4,/Users/usuario/kenya/db/artificialvision/dmd/gB/8/s1/gB_8_s1_2019-03-11T15;01;33+01;00_rgb_ann_distraction.json,driver_actions/unclassified,driver actions unclassified,False,-1.0,actor_8,test,1,0.3523295,false_positive
/Users/usuario/kenya/mostacho_v2.2/artifacts/dmd_processed_dmd_r3/images/dmd__gB__8__s1__gB_8_s1_2019-03-11T15_01_33_01_00_rgb_face/t_0051.750_label_1.jpg,1,actor_8,session_s1,dmd__gB__8__s1__gB_8_s1_2019-03-11T15_01_33_01_00_rgb_face,51.75,/Users/usuario/kenya/db/artificialvision/dmd/gB/8/s1/gB_8_s1_2019-03-11T15;01;33+01;00_rgb_face.mp4,/Users/usuario/kenya/db/artificialvision/dmd/gB/8/s1/gB_8_s1_2019-03-11T15;01;33+01;00_rgb_ann_distraction.json,driver_actions/drinking,driver actions drinking,False,-1.0,actor_8,test,0,0.03803334,false_negative
/Users/usuario/kenya/mostacho_v2.2/artifacts/dmd_processed_dmd_r3/images/dmd__gB__8__s1__gB_8_s1_2019-03-11T15_01_33_01_00_rgb_face/t_0054.750_label_1.jpg,1,actor_8,session_s1,dmd__gB__8__s1__gB_8_s1_2019-03-11T15_01_33_01_00_rgb_face,54.75,/Users/usuario/kenya/db/artificialvision/dmd/gB/8/s1/gB_8_s1_2019-03-11T15;01;33+01;00_rgb_face.mp4,/Users/usuario/kenya/db/artificialvision/dmd/gB/8/s1/gB_8_s1_2019-03-11T15;01;33+01;00_rgb_ann_distraction.json,driver_actions/drinking,driver actions drinking,False,-1.0,actor_8,test,0,0.033260684,false_negative
/Users/usuario/kenya/mostacho_v2.2/artifacts/dmd_processed_dmd_r3/images/dmd__gB__8__s1__gB_8_s1_2019-03-11T15_01_33_01_00_rgb_face/t_0055.500_label_0.jpg,0,actor_8,session_s1,dmd__gB__8__s1__gB_8_s1_2019-03-11T15_01_33_01_00_rgb_face,55.5,/Users/usuario/kenya/db/artificialvision/dmd/gB/8/s1/gB_8_s1_2019-03-11T15;01;33+01;00_rgb_face.mp4,/Users/usuario/kenya/db/artificialvision/dmd/gB/8/s1/gB_8_s1_2019-03-11T15;01;33+01;00_rgb_ann_distraction.json,driver_actions/reach_side,driver actions reach side,False,-1.0,actor_8,test,1,0.9718893,false_positive
/Users/usuario/kenya/mostacho_v2.2/artifacts/dmd_processed_dmd_r3/images/dmd__gB__8__s1__gB_8_s1_2019-03-11T15_01_33_01_00_rgb_face/t_0085.500_label_0.jpg,0,actor_8,session_s1,dmd__gB__8__s1__gB_8_s1_2019-03-11T15_01_33_01_00_rgb_face,85.5,/Users/usuario/kenya/db/artificialvision/dmd/gB/8/s1/gB_8_s1_2019-03-11T15;01;33+01;00_rgb_face.mp4,/Users/usuario/kenya/db/artificialvision/dmd/gB/8/s1/gB_8_s1_2019-03-11T15;01;33+01;00_rgb_ann_distraction.json,driver_actions/safe_drive,driver actions safe drive,False,-1.0,actor_8,test,1,0.36915925,false_positive
/Users/usuario/kenya/mostacho_v2.2/artifacts/dmd_processed_dmd_r3/images/dmd__gB__8__s1__gB_8_s1_2019-03-11T15_01_33_01_00_rgb_face/t_0095.250_label_0.jpg,0,actor_8,session_s1,dmd__gB__8__s1__gB_8_s1_2019-03-11T15_01_33_01_00_rgb_face,95.25,/Users/usuario/kenya/db/artificialvision/dmd/gB/8/s1/gB_8_s1_2019-03-11T15;01;33+01;00_rgb_face.mp4,/Users/usuario/kenya/db/artificialvision/dmd/gB/8/s1/gB_8_s1_2019-03-11T15;01;33+01;00_rgb_ann_distraction.json,driver_actions/safe_drive,driver actions safe drive,False,-1.0,actor_8,test,1,0.7701789,false_positive
/Users/usuario/kenya/mostacho_v2.2/artifacts/dmd_processed_dmd_r3/images/dmd__gB__8__s1__gB_8_s1_2019-03-11T15_01_33_01_00_rgb_face/t_0108.750_label_0.jpg,0,actor_8,session_s1,dmd__gB__8__s1__gB_8_s1_2019-03-11T15_01_33_01_00_rgb_face,108.75,/Users/usuario/kenya/db/artificialvision/dmd/gB/8/s1/gB_8_s1_2019-03-11T15;01;33+01;00_rgb_face.mp4,/Users/usuario/kenya/db/artificialvision/dmd/gB/8/s1/gB_8_s1_2019-03-11T15;01;33+01;00_rgb_ann_distraction.json,driver_actions/reach_side,driver actions reach side,False,-1.0,actor_8,test,1,0.3538474,false_positive
/Users/usuario/kenya/mostacho_v2.2/artifacts/dmd_processed_dmd_r3/images/dmd__gB__8__s1__gB_8_s1_2019-03-11T15_01_33_01_00_rgb_face/t_0111.000_label_0.jpg,0,actor_8,session_s1,dmd__gB__8__s1__gB_8_s1_2019-03-11T15_01_33_01_00_rgb_face,111.0,/Users/usuario/kenya/db/artificialvision/dmd/gB/8/s1/gB_8_s1_2019-03-11T15;01;33+01;00_rgb_face.mp4,/Users/usuario/kenya/db/artificialvision/dmd/gB/8/s1/gB_8_s1_2019-03-11T15;01;33+01;00_rgb_ann_distraction.json,driver_actions/unclassified,driver actions unclassified,False,-1.0,actor_8,test,1,0.9839872,false_positive
/Users/usuario/kenya/mostacho_v2.2/artifacts/dmd_processed_dmd_r3/images/dmd__gB__8__s1__gB_8_s1_2019-03-11T15_01_33_01_00_rgb_face/t_0111.750_label_0.jpg,0,actor_8,session_s1,dmd__gB__8__s1__gB_8_s1_2019-03-11T15_01_33_01_00_rgb_face,111.75,/Users/usuario/kenya/db/artificialvision/dmd/gB/8/s1/gB_8_s1_2019-03-11T15;01;33+01;00_rgb_face.mp4,/Users/usuario/kenya/db/artificialvision/dmd/gB/8/s1/gB_8_s1_2019-03-11T15;01;33+01;00_rgb_ann_distraction.json,driver_actions/unclassified,driver actions unclassified,False,-1.0,actor_8,test,1,0.42623034,false_positive
/Users/usuario/kenya/mostacho_v2.2/artifacts/dmd_processed_dmd_r3/images/dmd__gB__8__s1__gB_8_s1_2019-03-11T15_01_33_01_00_rgb_face/t_0158.250_label_0.jpg,0,actor_8,session_s1,dmd__gB__8__s1__gB_8_s1_2019-03-11T15_01_33_01_00_rgb_face,158.25,/Users/usuario/kenya/db/artificialvision/dmd/gB/8/s1/gB_8_s1_2019-03-11T15;01;33+01;00_rgb_face.mp4,/Users/usuario/kenya/db/artificialvision/dmd/gB/8/s1/gB_8_s1_2019-03-11T15;01;33+01;00_rgb_ann_distraction.json,driver_actions/unclassified,driver actions unclassified,False,-1.0,actor_8,test,1,0.32108268,false_positive
/Users/usuario/kenya/mostacho_v2.2/artifacts/dmd_processed_dmd_r3/images/dmd__gB__8__s1__gB_8_s1_2019-03-11T15_01_33_01_00_rgb_face/t_0171.750_label_0.jpg,0,actor_8,session_s1,dmd__gB__8__s1__gB_8_s1_2019-03-11T15_01_33_01_00_rgb_face,171.75,/Users/usuario/kenya/db/artificialvision/dmd/gB/8/s1/gB_8_s1_2019-03-11T15;01;33+01;00_rgb_face.mp4,/Users/usuario/kenya/db/artificialvision/dmd/gB/8/s1/gB_8_s1_2019-03-11T15;01;33+01;00_rgb_ann_distraction.json,driver_actions/safe_drive,driver actions safe drive,False,-1.0,actor_8,test,1,0.56870073,false_positive
/Users/usuario/kenya/mostacho_v2.2/artifacts/dmd_processed_dmd_r3/images/dmd__gB__8__s1__gB_8_s1_2019-03-11T15_01_33_01_00_rgb_face/t_0183.750_label_0.jpg,0,actor_8,session_s1,dmd__gB__8__s1__gB_8_s1_2019-03-11T15_01_33_01_00_rgb_face,183.75,/Users/usuario/kenya/db/artificialvision/dmd/gB/8/s1/gB_8_s1_2019-03-11T15;01;33+01;00_rgb_face.mp4,/Users/usuario/kenya/db/artificialvision/dmd/gB/8/s1/gB_8_s1_2019-03-11T15;01;33+01;00_rgb_ann_distraction.json,driver_actions/talking_to_passenger,driver actions talking to passenger,False,-1.0,actor_8,test,1,0.3602476,false_positive
/Users/usuario/kenya/mostacho_v2.2/artifacts/dmd_processed_dmd_r3/images/dmd__gB__8__s1__gB_8_s1_2019-03-11T15_01_33_01_00_rgb_face/t_0188.250_label_0.jpg,0,actor_8,session_s1,dmd__gB__8__s1__gB_8_s1_2019-03-11T15_01_33_01_00_rgb_face,188.25,/Users/usuario/kenya/db/artificialvision/dmd/gB/8/s1/gB_8_s1_2019-03-11T15;01;33+01;00_rgb_face.mp4,/Users/usuario/kenya/db/artificialvision/dmd/gB/8/s1/gB_8_s1_2019-03-11T15;01;33+01;00_rgb_ann_distraction.json,driver_actions/talking_to_passenger,driver actions talking to passenger,False,-1.0,actor_8,test,1,0.32629102,false_positive
/Users/usuario/kenya/mostacho_v2.2/artifacts/dmd_processed_dmd_r3/images/dmd__gB__8__s1__gB_8_s1_2019-03-11T15_01_33_01_00_rgb_face/t_0219.000_label_0.jpg,0,actor_8,session_s1,dmd__gB__8__s1__gB_8_s1_2019-03-11T15_01_33_01_00_rgb_face,219.0,/Users/usuario/kenya/db/artificialvision/dmd/gB/8/s1/gB_8_s1_2019-03-11T15;01;33+01;00_rgb_face.mp4,/Users/usuario/kenya/db/artificialvision/dmd/gB/8/s1/gB_8_s1_2019-03-11T15;01;33+01;00_rgb_ann_distraction.json,driver_actions/unclassified,driver actions unclassified,False,-1.0,actor_8,test,1,0.33793327,false_positive
/Users/usuario/kenya/mostacho_v2.2/artifacts/dmd_processed_dmd_r3/images/dmd__gB__8__s2__gB_8_s2_2019-03-11T14_38_44_01_00_rgb_face/t_0003.750_label_0.jpg,0,actor_8,session_s2,dmd__gB__8__s2__gB_8_s2_2019-03-11T14_38_44_01_00_rgb_face,3.75,/Users/usuario/kenya/db/artificialvision/dmd/gB/8/s2/gB_8_s2_2019-03-11T14;38;44+01;00_rgb_face.mp4,/Users/usuario/kenya/db/artificialvision/dmd/gB/8/s2/gB_8_s2_2019-03-11T14;38;44+01;00_rgb_ann_distraction.json,driver_actions/unclassified,driver actions unclassified,False,-1.0,actor_8,test,1,0.99898654,false_positive
/Users/usuario/kenya/mostacho_v2.2/artifacts/dmd_processed_dmd_r3/images/dmd__gB__8__s2__gB_8_s2_2019-03-11T14_38_44_01_00_rgb_face/t_0038.250_label_1.jpg,1,actor_8,session_s2,dmd__gB__8__s2__gB_8_s2_2019-03-11T14_38_44_01_00_rgb_face,38.25,/Users/usuario/kenya/db/artificialvision/dmd/gB/8/s2/gB_8_s2_2019-03-11T14;38;44+01;00_rgb_face.mp4,/Users/usuario/kenya/db/artificialvision/dmd/gB/8/s2/gB_8_s2_2019-03-11T14;38;44+01;00_rgb_ann_distraction.json,driver_actions/hair_and_makeup,driver actions hair and makeup,False,-1.0,actor_8,test,0,0.28368083,false_negative
/Users/usuario/kenya/mostacho_v2.2/artifacts/dmd_processed_dmd_r3/images/dmd__gB__8__s2__gB_8_s2_2019-03-11T14_38_44_01_00_rgb_face/t_0056.250_label_1.jpg,1,actor_8,session_s2,dmd__gB__8__s2__gB_8_s2_2019-03-11T14_38_44_01_00_rgb_face,56.25,/Users/usuario/kenya/db/artificialvision/dmd/gB/8/s2/gB_8_s2_2019-03-11T14;38;44+01;00_rgb_face.mp4,/Users/usuario/kenya/db/artificialvision/dmd/gB/8/s2/gB_8_s2_2019-03-11T14;38;44+01;00_rgb_ann_distraction.json,driver_actions/texting_right,driver actions texting right,False,-1.0,actor_8,test,0,0.034491077,false_negative
/Users/usuario/kenya/mostacho_v2.2/artifacts/dmd_processed_dmd_r3/images/dmd__gB__8__s2__gB_8_s2_2019-03-11T14_38_44_01_00_rgb_face/t_0057.000_label_1.jpg,1,actor_8,session_s2,dmd__gB__8__s2__gB_8_s2_2019-03-11T14_38_44_01_00_rgb_face,57.0,/Users/usuario/kenya/db/artificialvision/dmd/gB/8/s2/gB_8_s2_2019-03-11T14;38;44+01;00_rgb_face.mp4,/Users/usuario/kenya/db/artificialvision/dmd/gB/8/s2/gB_8_s2_2019-03-11T14;38;44+01;00_rgb_ann_distraction.json,driver_actions/texting_right,driver actions texting right,False,-1.0,actor_8,test,0,0.036817573,false_negative
/Users/usuario/kenya/mostacho_v2.2/artifacts/dmd_processed_dmd_r3/images/dmd__gB__8__s2__gB_8_s2_2019-03-11T14_38_44_01_00_rgb_face/t_0093.000_label_1.jpg,1,actor_8,session_s2,dmd__gB__8__s2__gB_8_s2_2019-03-11T14_38_44_01_00_rgb_face,93.0,/Users/usuario/kenya/db/artificialvision/dmd/gB/8/s2/gB_8_s2_2019-03-11T14;38;44+01;00_rgb_face.mp4,/Users/usuario/kenya/db/artificialvision/dmd/gB/8/s2/gB_8_s2_2019-03-11T14;38;44+01;00_rgb_ann_distraction.json,driver_actions/texting_right,driver actions texting right,False,-1.0,actor_8,test,0,0.024297623,false_negative
/Users/usuario/kenya/mostacho_v2.2/artifacts/dmd_processed_dmd_r3/images/dmd__gB__8__s2__gB_8_s2_2019-03-11T14_38_44_01_00_rgb_face/t_0117.750_label_1.jpg,1,actor_8,session_s2,dmd__gB__8__s2__gB_8_s2_2019-03-11T14_38_44_01_00_rgb_face,117.75,/Users/usuario/kenya/db/artificialvision/dmd/gB/8/s2/gB_8_s2_2019-03-11T14;38;44+01;00_rgb_face.mp4,/Users/usuario/kenya/db/artificialvision/dmd/gB/8/s2/gB_8_s2_2019-03-11T14;38;44+01;00_rgb_ann_distraction.json,driver_actions/texting_right,driver actions texting right,False,-1.0,actor_8,test,0,0.13723849,false_negative
/Users/usuario/kenya/mostacho_v2.2/artifacts/dmd_processed_dmd_r3/images/dmd__gB__8__s2__gB_8_s2_2019-03-11T14_38_44_01_00_rgb_face/t_0118.500_label_1.jpg,1,actor_8,session_s2,dmd__gB__8__s2__gB_8_s2_2019-03-11T14_38_44_01_00_rgb_face,118.5,/Users/usuario/kenya/db/artificialvision/dmd/gB/8/s2/gB_8_s2_2019-03-11T14;38;44+01;00_rgb_face.mp4,/Users/usuario/kenya/db/artificialvision/dmd/gB/8/s2/gB_8_s2_2019-03-11T14;38;44+01;00_rgb_ann_distraction.json,driver_actions/texting_right,driver actions texting right,False,-1.0,actor_8,test,0,0.052765857,false_negative
/Users/usuario/kenya/mostacho_v2.2/artifacts/dmd_processed_dmd_r3/images/dmd__gB__8__s2__gB_8_s2_2019-03-11T14_38_44_01_00_rgb_face/t_0119.250_label_1.jpg,1,actor_8,session_s2,dmd__gB__8__s2__gB_8_s2_2019-03-11T14_38_44_01_00_rgb_face,119.25,/Users/usuario/kenya/db/artificialvision/dmd/gB/8/s2/gB_8_s2_2019-03-11T14;38;44+01;00_rgb_face.mp4,/Users/usuario/kenya/db/artificialvision/dmd/gB/8/s2/gB_8_s2_2019-03-11T14;38;44+01;00_rgb_ann_distraction.json,driver_actions/texting_right,driver actions texting right,False,-1.0,actor_8,test,0,0.12904459,false_negative
/Users/usuario/kenya/mostacho_v2.2/artifacts/dmd_processed_dmd_r3/images/dmd__gB__8__s2__gB_8_s2_2019-03-11T14_38_44_01_00_rgb_face/t_0120.000_label_1.jpg,1,actor_8,session_s2,dmd__gB__8__s2__gB_8_s2_2019-03-11T14_38_44_01_00_rgb_face,120.0,/Users/usuario/kenya/db/artificialvision/dmd/gB/8/s2/gB_8_s2_2019-03-11T14;38;44+01;00_rgb_face.mp4,/Users/usuario/kenya/db/artificialvision/dmd/gB/8/s2/gB_8_s2_2019-03-11T14;38;44+01;00_rgb_ann_distraction.json,driver_actions/texting_right,driver actions texting right,False,-1.0,actor_8,test,0,0.12313776,false_negative
/Users/usuario/kenya/mostacho_v2.2/artifacts/dmd_processed_dmd_r3/images/dmd__gB__8__s2__gB_8_s2_2019-03-11T14_38_44_01_00_rgb_face/t_0120.750_label_1.jpg,1,actor_8,session_s2,dmd__gB__8__s2__gB_8_s2_2019-03-11T14_38_44_01_00_rgb_face,120.75,/Users/usuario/kenya/db/artificialvision/dmd/gB/8/s2/gB_8_s2_2019-03-11T14;38;44+01;00_rgb_face.mp4,/Users/usuario/kenya/db/artificialvision/dmd/gB/8/s2/gB_8_s2_2019-03-11T14;38;44+01;00_rgb_ann_distraction.json,driver_actions/texting_right,driver actions texting right,False,-1.0,actor_8,test,0,0.10929953,false_negative
/Users/usuario/kenya/mostacho_v2.2/artifacts/dmd_processed_dmd_r3/images/dmd__gB__8__s2__gB_8_s2_2019-03-11T14_38_44_01_00_rgb_face/t_0122.250_label_1.jpg,1,actor_8,session_s2,dmd__gB__8__s2__gB_8_s2_2019-03-11T14_38_44_01_00_rgb_face,122.25,/Users/usuario/kenya/db/artificialvision/dmd/gB/8/s2/gB_8_s2_2019-03-11T14;38;44+01;00_rgb_face.mp4,/Users/usuario/kenya/db/artificialvision/dmd/gB/8/s2/gB_8_s2_2019-03-11T14;38;44+01;00_rgb_ann_distraction.json,driver_actions/texting_right,driver actions texting right,False,-1.0,actor_8,test,0,0.11593757,false_negative
/Users/usuario/kenya/mostacho_v2.2/artifacts/dmd_processed_dmd_r3/images/dmd__gB__8__s2__gB_8_s2_2019-03-11T14_38_44_01_00_rgb_face/t_0123.000_label_1.jpg,1,actor_8,session_s2,dmd__gB__8__s2__gB_8_s2_2019-03-11T14_38_44_01_00_rgb_face,123.0,/Users/usuario/kenya/db/artificialvision/dmd/gB/8/s2/gB_8_s2_2019-03-11T14;38;44+01;00_rgb_face.mp4,/Users/usuario/kenya/db/artificialvision/dmd/gB/8/s2/gB_8_s2_2019-03-11T14;38;44+01;00_rgb_ann_distraction.json,driver_actions/texting_right,driver actions texting right,False,-1.0,actor_8,test,0,0.1561675,false_negative
/Users/usuario/kenya/mostacho_v2.2/artifacts/dmd_processed_dmd_r3/images/dmd__gB__8__s2__gB_8_s2_2019-03-11T14_38_44_01_00_rgb_face/t_0125.250_label_1.jpg,1,actor_8,session_s2,dmd__gB__8__s2__gB_8_s2_2019-03-11T14_38_44_01_00_rgb_face,125.25,/Users/usuario/kenya/db/artificialvision/dmd/gB/8/s2/gB_8_s2_2019-03-11T14;38;44+01;00_rgb_face.mp4,/Users/usuario/kenya/db/artificialvision/dmd/gB/8/s2/gB_8_s2_2019-03-11T14;38;44+01;00_rgb_ann_distraction.json,driver_actions/texting_right,driver actions texting right,False,-1.0,actor_8,test,0,0.085194044,false_negative
/Users/usuario/kenya/mostacho_v2.2/artifacts/dmd_processed_dmd_r3/images/dmd__gB__8__s2__gB_8_s2_2019-03-11T14_38_44_01_00_rgb_face/t_0127.500_label_1.jpg,1,actor_8,session_s2,dmd__gB__8__s2__gB_8_s2_2019-03-11T14_38_44_01_00_rgb_face,127.5,/Users/usuario/kenya/db/artificialvision/dmd/gB/8/s2/gB_8_s2_2019-03-11T14;38;44+01;00_rgb_face.mp4,/Users/usuario/kenya/db/artificialvision/dmd/gB/8/s2/gB_8_s2_2019-03-11T14;38;44+01;00_rgb_ann_distraction.json,driver_actions/texting_right,driver actions texting right,False,-1.0,actor_8,test,0,0.07364396,false_negative
/Users/usuario/kenya/mostacho_v2.2/artifacts/dmd_processed_dmd_r3/images/dmd__gB__8__s2__gB_8_s2_2019-03-11T14_38_44_01_00_rgb_face/t_0129.750_label_1.jpg,1,actor_8,session_s2,dmd__gB__8__s2__gB_8_s2_2019-03-11T14_38_44_01_00_rgb_face,129.75,/Users/usuario/kenya/db/artificialvision/dmd/gB/8/s2/gB_8_s2_2019-03-11T14;38;44+01;00_rgb_face.mp4,/Users/usuario/kenya/db/artificialvision/dmd/gB/8/s2/gB_8_s2_2019-03-11T14;38;44+01;00_rgb_ann_distraction.json,driver_actions/texting_right,driver actions texting right,False,-1.0,actor_8,test,0,0.12927464,false_negative
/Users/usuario/kenya/mostacho_v2.2/artifacts/dmd_processed_dmd_r3/images/dmd__gB__8__s2__gB_8_s2_2019-03-11T14_38_44_01_00_rgb_face/t_0130.500_label_1.jpg,1,actor_8,session_s2,dmd__gB__8__s2__gB_8_s2_2019-03-11T14_38_44_01_00_rgb_face,130.5,/Users/usuario/kenya/db/artificialvision/dmd/gB/8/s2/gB_8_s2_2019-03-11T14;38;44+01;00_rgb_face.mp4,/Users/usuario/kenya/db/artificialvision/dmd/gB/8/s2/gB_8_s2_2019-03-11T14;38;44+01;00_rgb_ann_distraction.json,driver_actions/texting_right,driver actions texting right,False,-1.0,actor_8,test,0,0.14596027,false_negative
/Users/usuario/kenya/mostacho_v2.2/artifacts/dmd_processed_dmd_r3/images/dmd__gB__8__s2__gB_8_s2_2019-03-11T14_38_44_01_00_rgb_face/t_0144.750_label_1.jpg,1,actor_8,session_s2,dmd__gB__8__s2__gB_8_s2_2019-03-11T14_38_44_01_00_rgb_face,144.75,/Users/usuario/kenya/db/artificialvision/dmd/gB/8/s2/gB_8_s2_2019-03-11T14;38;44+01;00_rgb_face.mp4,/Users/usuario/kenya/db/artificialvision/dmd/gB/8/s2/gB_8_s2_2019-03-11T14;38;44+01;00_rgb_ann_distraction.json,driver_actions/texting_right,driver actions texting right,False,-1.0,actor_8,test,0,0.07998472,false_negative
/Users/usuario/kenya/mostacho_v2.2/artifacts/dmd_processed_dmd_r3/images/dmd__gB__8__s2__gB_8_s2_2019-03-11T14_38_44_01_00_rgb_face/t_0147.000_label_1.jpg,1,actor_8,session_s2,dmd__gB__8__s2__gB_8_s2_2019-03-11T14_38_44_01_00_rgb_face,147.0,/Users/usuario/kenya/db/artificialvision/dmd/gB/8/s2/gB_8_s2_2019-03-11T14;38;44+01;00_rgb_face.mp4,/Users/usuario/kenya/db/artificialvision/dmd/gB/8/s2/gB_8_s2_2019-03-11T14;38;44+01;00_rgb_ann_distraction.json,driver_actions/phonecall_right,driver actions phonecall right,False,-1.0,actor_8,test,0,0.075622395,false_negative
/Users/usuario/kenya/mostacho_v2.2/artifacts/dmd_processed_dmd_r3/images/dmd__gB__8__s2__gB_8_s2_2019-03-11T14_38_44_01_00_rgb_face/t_0198.750_label_1.jpg,1,actor_8,session_s2,dmd__gB__8__s2__gB_8_s2_2019-03-11T14_38_44_01_00_rgb_face,198.75,/Users/usuario/kenya/db/artificialvision/dmd/gB/8/s2/gB_8_s2_2019-03-11T14;38;44+01;00_rgb_face.mp4,/Users/usuario/kenya/db/artificialvision/dmd/gB/8/s2/gB_8_s2_2019-03-11T14;38;44+01;00_rgb_ann_distraction.json,driver_actions/texting_right,driver actions texting right,False,-1.0,actor_8,test,0,0.12633765,false_negative
/Users/usuario/kenya/mostacho_v2.2/artifacts/dmd_processed_dmd_r3/images/dmd__gB__8__s2__gB_8_s2_2019-03-11T14_38_44_01_00_rgb_face/t_0224.250_label_0.jpg,0,actor_8,session_s2,dmd__gB__8__s2__gB_8_s2_2019-03-11T14_38_44_01_00_rgb_face,224.25,/Users/usuario/kenya/db/artificialvision/dmd/gB/8/s2/gB_8_s2_2019-03-11T14;38;44+01;00_rgb_face.mp4,/Users/usuario/kenya/db/artificialvision/dmd/gB/8/s2/gB_8_s2_2019-03-11T14;38;44+01;00_rgb_ann_distraction.json,driver_actions/reach_side,driver actions reach side,False,-1.0,actor_8,test,1,0.60767436,false_positive
/Users/usuario/kenya/mostacho_v2.2/artifacts/dmd_processed_dmd_r3/images/dmd__gB__8__s2__gB_8_s2_2019-03-11T14_38_44_01_00_rgb_face/t_0237.000_label_0.jpg,0,actor_8,session_s2,dmd__gB__8__s2__gB_8_s2_2019-03-11T14_38_44_01_00_rgb_face,237.0,/Users/usuario/kenya/db/artificialvision/dmd/gB/8/s2/gB_8_s2_2019-03-11T14;38;44+01;00_rgb_face.mp4,/Users/usuario/kenya/db/artificialvision/dmd/gB/8/s2/gB_8_s2_2019-03-11T14;38;44+01;00_rgb_ann_distraction.json,driver_actions/reach_side,driver actions reach side,False,-1.0,actor_8,test,1,0.6959005,false_positive
/Users/usuario/kenya/mostacho_v2.2/artifacts/dmd_processed_dmd_r3/images/dmd__gB__8__s2__gB_8_s2_2019-03-11T14_38_44_01_00_rgb_face/t_0237.750_label_0.jpg,0,actor_8,session_s2,dmd__gB__8__s2__gB_8_s2_2019-03-11T14_38_44_01_00_rgb_face,237.75,/Users/usuario/kenya/db/artificialvision/dmd/gB/8/s2/gB_8_s2_2019-03-11T14;38;44+01;00_rgb_face.mp4,/Users/usuario/kenya/db/artificialvision/dmd/gB/8/s2/gB_8_s2_2019-03-11T14;38;44+01;00_rgb_ann_distraction.json,driver_actions/reach_side,driver actions reach side,False,-1.0,actor_8,test,1,0.6646239,false_positive
/Users/usuario/kenya/mostacho_v2.2/artifacts/dmd_processed_dmd_r3/images/dmd__gB__8__s2__gB_8_s2_2019-03-11T14_38_44_01_00_rgb_face/t_0239.250_label_0.jpg,0,actor_8,session_s2,dmd__gB__8__s2__gB_8_s2_2019-03-11T14_38_44_01_00_rgb_face,239.25,/Users/usuario/kenya/db/artificialvision/dmd/gB/8/s2/gB_8_s2_2019-03-11T14;38;44+01;00_rgb_face.mp4,/Users/usuario/kenya/db/artificialvision/dmd/gB/8/s2/gB_8_s2_2019-03-11T14;38;44+01;00_rgb_ann_distraction.json,driver_actions/reach_side,driver actions reach side,False,-1.0,actor_8,test,1,0.5915729,false_positive
/Users/usuario/kenya/mostacho_v2.2/artifacts/dmd_processed_dmd_r3/images/dmd__gB__8__s2__gB_8_s2_2019-03-11T14_38_44_01_00_rgb_face/t_0258.000_label_1.jpg,1,actor_8,session_s2,dmd__gB__8__s2__gB_8_s2_2019-03-11T14_38_44_01_00_rgb_face,258.0,/Users/usuario/kenya/db/artificialvision/dmd/gB/8/s2/gB_8_s2_2019-03-11T14;38;44+01;00_rgb_face.mp4,/Users/usuario/kenya/db/artificialvision/dmd/gB/8/s2/gB_8_s2_2019-03-11T14;38;44+01;00_rgb_ann_distraction.json,driver_actions/texting_left,driver actions texting left,False,-1.0,actor_8,test,0,0.08149799,false_negative
/Users/usuario/kenya/mostacho_v2.2/artifacts/dmd_processed_dmd_r3/images/dmd__gB__8__s2__gB_8_s2_2019-03-11T14_38_44_01_00_rgb_face/t_0258.750_label_1.jpg,1,actor_8,session_s2,dmd__gB__8__s2__gB_8_s2_2019-03-11T14_38_44_01_00_rgb_face,258.75,/Users/usuario/kenya/db/artificialvision/dmd/gB/8/s2/gB_8_s2_2019-03-11T14;38;44+01;00_rgb_face.mp4,/Users/usuario/kenya/db/artificialvision/dmd/gB/8/s2/gB_8_s2_2019-03-11T14;38;44+01;00_rgb_ann_distraction.json,driver_actions/phonecall_left,driver actions phonecall left,False,-1.0,actor_8,test,0,0.28385955,false_negative
/Users/usuario/kenya/mostacho_v2.2/artifacts/dmd_processed_dmd_r3/images/dmd__gB__8__s2__gB_8_s2_2019-03-11T14_38_44_01_00_rgb_face/t_0288.750_label_1.jpg,1,actor_8,session_s2,dmd__gB__8__s2__gB_8_s2_2019-03-11T14_38_44_01_00_rgb_face,288.75,/Users/usuario/kenya/db/artificialvision/dmd/gB/8/s2/gB_8_s2_2019-03-11T14;38;44+01;00_rgb_face.mp4,/Users/usuario/kenya/db/artificialvision/dmd/gB/8/s2/gB_8_s2_2019-03-11T14;38;44+01;00_rgb_ann_distraction.json,driver_actions/phonecall_left,driver actions phonecall left,False,-1.0,actor_8,test,0,0.15530927,false_negative
/Users/usuario/kenya/mostacho_v2.2/artifacts/dmd_processed_dmd_r3/images/dmd__gB__8__s2__gB_8_s2_2019-03-11T14_38_44_01_00_rgb_face/t_0290.250_label_0.jpg,0,actor_8,session_s2,dmd__gB__8__s2__gB_8_s2_2019-03-11T14_38_44_01_00_rgb_face,290.25,/Users/usuario/kenya/db/artificialvision/dmd/gB/8/s2/gB_8_s2_2019-03-11T14;38;44+01;00_rgb_face.mp4,/Users/usuario/kenya/db/artificialvision/dmd/gB/8/s2/gB_8_s2_2019-03-11T14;38;44+01;00_rgb_ann_distraction.json,driver_actions/reach_side,driver actions reach side,False,-1.0,actor_8,test,1,0.6384799,false_positive
/Users/usuario/kenya/mostacho_v2.2/artifacts/dmd_processed_dmd_r3/images/dmd__gB__8__s2__gB_8_s2_2019-03-11T14_38_44_01_00_rgb_face/t_0306.000_label_0.jpg,0,actor_8,session_s2,dmd__gB__8__s2__gB_8_s2_2019-03-11T14_38_44_01_00_rgb_face,306.0,/Users/usuario/kenya/db/artificialvision/dmd/gB/8/s2/gB_8_s2_2019-03-11T14;38;44+01;00_rgb_face.mp4,/Users/usuario/kenya/db/artificialvision/dmd/gB/8/s2/gB_8_s2_2019-03-11T14;38;44+01;00_rgb_ann_distraction.json,driver_actions/reach_side,driver actions reach side,False,-1.0,actor_8,test,1,0.3164256,false_positive
/Users/usuario/kenya/mostacho_v2.2/artifacts/dmd_processed_dmd_r3/images/dmd__gB__8__s2__gB_8_s2_2019-03-11T14_38_44_01_00_rgb_face/t_0308.250_label_1.jpg,1,actor_8,session_s2,dmd__gB__8__s2__gB_8_s2_2019-03-11T14_38_44_01_00_rgb_face,308.25,/Users/usuario/kenya/db/artificialvision/dmd/gB/8/s2/gB_8_s2_2019-03-11T14;38;44+01;00_rgb_face.mp4,/Users/usuario/kenya/db/artificialvision/dmd/gB/8/s2/gB_8_s2_2019-03-11T14;38;44+01;00_rgb_ann_distraction.json,driver_actions/texting_left,driver actions texting left,False,-1.0,actor_8,test,0,0.07362152,false_negative
/Users/usuario/kenya/mostacho_v2.2/artifacts/dmd_processed_dmd_r3/images/dmd__gB__8__s2__gB_8_s2_2019-03-11T14_38_44_01_00_rgb_face/t_0309.000_label_1.jpg,1,actor_8,session_s2,dmd__gB__8__s2__gB_8_s2_2019-03-11T14_38_44_01_00_rgb_face,309.0,/Users/usuario/kenya/db/artificialvision/dmd/gB/8/s2/gB_8_s2_2019-03-11T14;38;44+01;00_rgb_face.mp4,/Users/usuario/kenya/db/artificialvision/dmd/gB/8/s2/gB_8_s2_2019-03-11T14;38;44+01;00_rgb_ann_distraction.json,driver_actions/texting_left,driver actions texting left,False,-1.0,actor_8,test,0,0.08265943,false_negative
/Users/usuario/kenya/mostacho_v2.2/artifacts/dmd_processed_dmd_r3/images/dmd__gB__8__s2__gB_8_s2_2019-03-11T14_38_44_01_00_rgb_face/t_0310.500_label_1.jpg,1,actor_8,session_s2,dmd__gB__8__s2__gB_8_s2_2019-03-11T14_38_44_01_00_rgb_face,310.5,/Users/usuario/kenya/db/artificialvision/dmd/gB/8/s2/gB_8_s2_2019-03-11T14;38;44+01;00_rgb_face.mp4,/Users/usuario/kenya/db/artificialvision/dmd/gB/8/s2/gB_8_s2_2019-03-11T14;38;44+01;00_rgb_ann_distraction.json,driver_actions/texting_left,driver actions texting left,False,-1.0,actor_8,test,0,0.12595491,false_negative
/Users/usuario/kenya/mostacho_v2.2/artifacts/dmd_processed_dmd_r3/images/dmd__gB__8__s2__gB_8_s2_2019-03-11T14_38_44_01_00_rgb_face/t_0311.250_label_1.jpg,1,actor_8,session_s2,dmd__gB__8__s2__gB_8_s2_2019-03-11T14_38_44_01_00_rgb_face,311.25,/Users/usuario/kenya/db/artificialvision/dmd/gB/8/s2/gB_8_s2_2019-03-11T14;38;44+01;00_rgb_face.mp4,/Users/usuario/kenya/db/artificialvision/dmd/gB/8/s2/gB_8_s2_2019-03-11T14;38;44+01;00_rgb_ann_distraction.json,driver_actions/texting_left,driver actions texting left,False,-1.0,actor_8,test,0,0.15636556,false_negative
/Users/usuario/kenya/mostacho_v2.2/artifacts/dmd_processed_dmd_r3/images/dmd__gB__8__s2__gB_8_s2_2019-03-11T14_38_44_01_00_rgb_face/t_0321.750_label_1.jpg,1,actor_8,session_s2,dmd__gB__8__s2__gB_8_s2_2019-03-11T14_38_44_01_00_rgb_face,321.75,/Users/usuario/kenya/db/artificialvision/dmd/gB/8/s2/gB_8_s2_2019-03-11T14;38;44+01;00_rgb_face.mp4,/Users/usuario/kenya/db/artificialvision/dmd/gB/8/s2/gB_8_s2_2019-03-11T14;38;44+01;00_rgb_ann_distraction.json,driver_actions/texting_left,driver actions texting left,False,-1.0,actor_8,test,0,0.12972292,false_negative
/Users/usuario/kenya/mostacho_v2.2/artifacts/dmd_processed_dmd_r3/images/dmd__gB__8__s2__gB_8_s2_2019-03-11T14_38_44_01_00_rgb_face/t_0324.000_label_0.jpg,0,actor_8,session_s2,dmd__gB__8__s2__gB_8_s2_2019-03-11T14_38_44_01_00_rgb_face,324.0,/Users/usuario/kenya/db/artificialvision/dmd/gB/8/s2/gB_8_s2_2019-03-11T14;38;44+01;00_rgb_face.mp4,/Users/usuario/kenya/db/artificialvision/dmd/gB/8/s2/gB_8_s2_2019-03-11T14;38;44+01;00_rgb_ann_distraction.json,driver_actions/reach_side,driver actions reach side,False,-1.0,actor_8,test,1,0.8363343,false_positive
/Users/usuario/kenya/mostacho_v2.2/artifacts/dmd_processed_dmd_r3/images/dmd__gB__8__s2__gB_8_s2_2019-03-11T14_38_44_01_00_rgb_face/t_0324.750_label_0.jpg,0,actor_8,session_s2,dmd__gB__8__s2__gB_8_s2_2019-03-11T14_38_44_01_00_rgb_face,324.75,/Users/usuario/kenya/db/artificialvision/dmd/gB/8/s2/gB_8_s2_2019-03-11T14;38;44+01;00_rgb_face.mp4,/Users/usuario/kenya/db/artificialvision/dmd/gB/8/s2/gB_8_s2_2019-03-11T14;38;44+01;00_rgb_ann_distraction.json,driver_actions/reach_side,driver actions reach side,False,-1.0,actor_8,test,1,0.51078975,false_positive
/Users/usuario/kenya/mostacho_v2.2/artifacts/dmd_processed_dmd_r3/images/dmd__gB__8__s2__gB_8_s2_2019-03-11T14_38_44_01_00_rgb_face/t_0325.500_label_0.jpg,0,actor_8,session_s2,dmd__gB__8__s2__gB_8_s2_2019-03-11T14_38_44_01_00_rgb_face,325.5,/Users/usuario/kenya/db/artificialvision/dmd/gB/8/s2/gB_8_s2_2019-03-11T14;38;44+01;00_rgb_face.mp4,/Users/usuario/kenya/db/artificialvision/dmd/gB/8/s2/gB_8_s2_2019-03-11T14;38;44+01;00_rgb_ann_distraction.json,driver_actions/reach_side,driver actions reach side,False,-1.0,actor_8,test,1,0.45792943,false_positive
/Users/usuario/kenya/mostacho_v2.2/artifacts/dmd_processed_dmd_r3/images/dmd__gB__8__s2__gB_8_s2_2019-03-11T14_38_44_01_00_rgb_face/t_0326.250_label_0.jpg,0,actor_8,session_s2,dmd__gB__8__s2__gB_8_s2_2019-03-11T14_38_44_01_00_rgb_face,326.25,/Users/usuario/kenya/db/artificialvision/dmd/gB/8/s2/gB_8_s2_2019-03-11T14;38;44+01;00_rgb_face.mp4,/Users/usuario/kenya/db/artificialvision/dmd/gB/8/s2/gB_8_s2_2019-03-11T14;38;44+01;00_rgb_ann_distraction.json,driver_actions/reach_side,driver actions reach side,False,-1.0,actor_8,test,1,0.46524137,false_positive
/Users/usuario/kenya/mostacho_v2.2/artifacts/dmd_processed_dmd_r3/images/dmd__gB__8__s2__gB_8_s2_2019-03-11T14_38_44_01_00_rgb_face/t_0339.000_label_1.jpg,1,actor_8,session_s2,dmd__gB__8__s2__gB_8_s2_2019-03-11T14_38_44_01_00_rgb_face,339.0,/Users/usuario/kenya/db/artificialvision/dmd/gB/8/s2/gB_8_s2_2019-03-11T14;38;44+01;00_rgb_face.mp4,/Users/usuario/kenya/db/artificialvision/dmd/gB/8/s2/gB_8_s2_2019-03-11T14;38;44+01;00_rgb_ann_distraction.json,driver_actions/texting_left,driver actions texting left,False,-1.0,actor_8,test,0,0.0848828,false_negative
/Users/usuario/kenya/mostacho_v2.2/artifacts/dmd_processed_dmd_r3/images/dmd__gB__8__s2__gB_8_s2_2019-03-11T14_38_44_01_00_rgb_face/t_0411.000_label_1.jpg,1,actor_8,session_s2,dmd__gB__8__s2__gB_8_s2_2019-03-11T14_38_44_01_00_rgb_face,411.0,/Users/usuario/kenya/db/artificialvision/dmd/gB/8/s2/gB_8_s2_2019-03-11T14;38;44+01;00_rgb_face.mp4,/Users/usuario/kenya/db/artificialvision/dmd/gB/8/s2/gB_8_s2_2019-03-11T14;38;44+01;00_rgb_ann_distraction.json,driver_actions/texting_left,driver actions texting left,False,-1.0,actor_8,test,0,0.081792854,false_negative
/Users/usuario/kenya/mostacho_v2.2/artifacts/dmd_processed_dmd_r3/images/dmd__gB__8__s2__gB_8_s2_2019-03-11T14_38_44_01_00_rgb_face/t_0424.500_label_0.jpg,0,actor_8,session_s2,dmd__gB__8__s2__gB_8_s2_2019-03-11T14_38_44_01_00_rgb_face,424.5,/Users/usuario/kenya/db/artificialvision/dmd/gB/8/s2/gB_8_s2_2019-03-11T14;38;44+01;00_rgb_face.mp4,/Users/usuario/kenya/db/artificialvision/dmd/gB/8/s2/gB_8_s2_2019-03-11T14;38;44+01;00_rgb_ann_distraction.json,driver_actions/reach_side,driver actions reach side,False,-1.0,actor_8,test,1,0.67206895,false_positive
/Users/usuario/kenya/mostacho_v2.2/artifacts/dmd_processed_dmd_r3/images/dmd__gB__8__s2__gB_8_s2_2019-03-11T14_38_44_01_00_rgb_face/t_0425.250_label_0.jpg,0,actor_8,session_s2,dmd__gB__8__s2__gB_8_s2_2019-03-11T14_38_44_01_00_rgb_face,425.25,/Users/usuario/kenya/db/artificialvision/dmd/gB/8/s2/gB_8_s2_2019-03-11T14;38;44+01;00_rgb_face.mp4,/Users/usuario/kenya/db/artificialvision/dmd/gB/8/s2/gB_8_s2_2019-03-11T14;38;44+01;00_rgb_ann_distraction.json,driver_actions/reach_side,driver actions reach side,False,-1.0,actor_8,test,1,0.5564702,false_positive
/Users/usuario/kenya/mostacho_v2.2/artifacts/dmd_processed_dmd_r3/images/dmd__gB__8__s2__gB_8_s2_2019-03-11T14_38_44_01_00_rgb_face/t_0436.500_label_0.jpg,0,actor_8,session_s2,dmd__gB__8__s2__gB_8_s2_2019-03-11T14_38_44_01_00_rgb_face,436.5,/Users/usuario/kenya/db/artificialvision/dmd/gB/8/s2/gB_8_s2_2019-03-11T14;38;44+01;00_rgb_face.mp4,/Users/usuario/kenya/db/artificialvision/dmd/gB/8/s2/gB_8_s2_2019-03-11T14;38;44+01;00_rgb_ann_distraction.json,driver_actions/reach_side,driver actions reach side,False,-1.0,actor_8,test,1,0.58556044,false_positive
/Users/usuario/kenya/mostacho_v2.2/artifacts/dmd_processed_dmd_r3/images/dmd__gB__8__s2__gB_8_s2_2019-03-11T14_38_44_01_00_rgb_face/t_0438.000_label_1.jpg,1,actor_8,session_s2,dmd__gB__8__s2__gB_8_s2_2019-03-11T14_38_44_01_00_rgb_face,438.0,/Users/usuario/kenya/db/artificialvision/dmd/gB/8/s2/gB_8_s2_2019-03-11T14;38;44+01;00_rgb_face.mp4,/Users/usuario/kenya/db/artificialvision/dmd/gB/8/s2/gB_8_s2_2019-03-11T14;38;44+01;00_rgb_ann_distraction.json,driver_actions/hair_and_makeup,driver actions hair and makeup,False,-1.0,actor_8,test,0,0.093775354,false_negative
/Users/usuario/kenya/mostacho_v2.2/artifacts/dmd_processed_dmd_r3/images/dmd__gB__8__s3__gB_8_s3_2019-03-13T14_13_40_01_00_rgb_face/t_0023.250_label_0.jpg,0,actor_8,session_s3,dmd__gB__8__s3__gB_8_s3_2019-03-13T14_13_40_01_00_rgb_face,23.25,/Users/usuario/kenya/db/artificialvision/dmd/gB/8/s3/gB_8_s3_2019-03-13T14;13;40+01;00_rgb_face.mp4,/Users/usuario/kenya/db/artificialvision/dmd/gB/8/s3/gB_8_s3_2019-03-13T14;13;40+01;00_rgb_ann_distraction.json,driver_actions/safe_drive,driver actions safe drive,False,-1.0,actor_8,test,1,0.32856214,false_positive
/Users/usuario/kenya/mostacho_v2.2/artifacts/dmd_processed_dmd_r3/images/dmd__gB__8__s3__gB_8_s3_2019-03-13T14_13_40_01_00_rgb_face/t_0043.500_label_0.jpg,0,actor_8,session_s3,dmd__gB__8__s3__gB_8_s3_2019-03-13T14_13_40_01_00_rgb_face,43.5,/Users/usuario/kenya/db/artificialvision/dmd/gB/8/s3/gB_8_s3_2019-03-13T14;13;40+01;00_rgb_face.mp4,/Users/usuario/kenya/db/artificialvision/dmd/gB/8/s3/gB_8_s3_2019-03-13T14;13;40+01;00_rgb_ann_distraction.json,driver_actions/safe_drive,driver actions safe drive,False,-1.0,actor_8,test,1,0.587981,false_positive
/Users/usuario/kenya/mostacho_v2.2/artifacts/dmd_processed_dmd_r3/images/dmd__gB__8__s3__gB_8_s3_2019-03-13T14_13_40_01_00_rgb_face/t_0044.250_label_0.jpg,0,actor_8,session_s3,dmd__gB__8__s3__gB_8_s3_2019-03-13T14_13_40_01_00_rgb_face,44.25,/Users/usuario/kenya/db/artificialvision/dmd/gB/8/s3/gB_8_s3_2019-03-13T14;13;40+01;00_rgb_face.mp4,/Users/usuario/kenya/db/artificialvision/dmd/gB/8/s3/gB_8_s3_2019-03-13T14;13;40+01;00_rgb_ann_distraction.json,driver_actions/safe_drive,driver actions safe drive,False,-1.0,actor_8,test,1,0.70457727,false_positive
/Users/usuario/kenya/mostacho_v2.2/artifacts/dmd_processed_dmd_r3/images/dmd__gB__8__s4__gB_8_s4_2019-03-20T14_39_41_01_00_rgb_face/t_0020.250_label_1.jpg,1,actor_8,session_s4,dmd__gB__8__s4__gB_8_s4_2019-03-20T14_39_41_01_00_rgb_face,20.25,/Users/usuario/kenya/db/artificialvision/dmd/gB/8/s4/gB_8_s4_2019-03-20T14;39;41+01;00_rgb_face.mp4,/Users/usuario/kenya/db/artificialvision/dmd/gB/8/s4/gB_8_s4_2019-03-20T14;39;41+01;00_rgb_ann_distraction.json,driver_actions/hair_and_makeup,driver actions hair and makeup,False,-1.0,actor_8,test,0,0.067782514,false_negative
/Users/usuario/kenya/mostacho_v2.2/artifacts/dmd_processed_dmd_r3/images/dmd__gB__8__s4__gB_8_s4_2019-03-20T14_39_41_01_00_rgb_face/t_0030.750_label_1.jpg,1,actor_8,session_s4,dmd__gB__8__s4__gB_8_s4_2019-03-20T14_39_41_01_00_rgb_face,30.75,/Users/usuario/kenya/db/artificialvision/dmd/gB/8/s4/gB_8_s4_2019-03-20T14;39;41+01;00_rgb_face.mp4,/Users/usuario/kenya/db/artificialvision/dmd/gB/8/s4/gB_8_s4_2019-03-20T14;39;41+01;00_rgb_ann_distraction.json,driver_actions/hair_and_makeup,driver actions hair and makeup,False,-1.0,actor_8,test,0,0.18570821,false_negative
/Users/usuario/kenya/mostacho_v2.2/artifacts/dmd_processed_dmd_r3/images/dmd__gB__8__s4__gB_8_s4_2019-03-20T14_39_41_01_00_rgb_face/t_0099.000_label_1.jpg,1,actor_8,session_s4,dmd__gB__8__s4__gB_8_s4_2019-03-20T14_39_41_01_00_rgb_face,99.0,/Users/usuario/kenya/db/artificialvision/dmd/gB/8/s4/gB_8_s4_2019-03-20T14;39;41+01;00_rgb_face.mp4,/Users/usuario/kenya/db/artificialvision/dmd/gB/8/s4/gB_8_s4_2019-03-20T14;39;41+01;00_rgb_ann_distraction.json,driver_actions/texting_right,driver actions texting right,False,-1.0,actor_8,test,0,0.08775415,false_negative
/Users/usuario/kenya/mostacho_v2.2/artifacts/dmd_processed_dmd_r3/images/dmd__gB__8__s4__gB_8_s4_2019-03-20T14_39_41_01_00_rgb_face/t_0128.250_label_0.jpg,0,actor_8,session_s4,dmd__gB__8__s4__gB_8_s4_2019-03-20T14_39_41_01_00_rgb_face,128.25,/Users/usuario/kenya/db/artificialvision/dmd/gB/8/s4/gB_8_s4_2019-03-20T14;39;41+01;00_rgb_face.mp4,/Users/usuario/kenya/db/artificialvision/dmd/gB/8/s4/gB_8_s4_2019-03-20T14;39;41+01;00_rgb_ann_distraction.json,driver_actions/unclassified,driver actions unclassified,False,-1.0,actor_8,test,1,0.4956977,false_positive
/Users/usuario/kenya/mostacho_v2.2/artifacts/dmd_processed_dmd_r3/images/dmd__gB__8__s4__gB_8_s4_2019-03-20T14_39_41_01_00_rgb_face/t_0129.000_label_0.jpg,0,actor_8,session_s4,dmd__gB__8__s4__gB_8_s4_2019-03-20T14_39_41_01_00_rgb_face,129.0,/Users/usuario/kenya/db/artificialvision/dmd/gB/8/s4/gB_8_s4_2019-03-20T14;39;41+01;00_rgb_face.mp4,/Users/usuario/kenya/db/artificialvision/dmd/gB/8/s4/gB_8_s4_2019-03-20T14;39;41+01;00_rgb_ann_distraction.json,driver_actions/unclassified,driver actions unclassified,False,-1.0,actor_8,test,1,0.3573067,false_positive
/Users/usuario/kenya/mostacho_v2.2/artifacts/dmd_processed_dmd_r3/images/dmd__gB__8__s4__gB_8_s4_2019-03-20T14_39_41_01_00_rgb_face/t_0129.750_label_0.jpg,0,actor_8,session_s4,dmd__gB__8__s4__gB_8_s4_2019-03-20T14_39_41_01_00_rgb_face,129.75,/Users/usuario/kenya/db/artificialvision/dmd/gB/8/s4/gB_8_s4_2019-03-20T14;39;41+01;00_rgb_face.mp4,/Users/usuario/kenya/db/artificialvision/dmd/gB/8/s4/gB_8_s4_2019-03-20T14;39;41+01;00_rgb_ann_distraction.json,driver_actions/unclassified,driver actions unclassified,False,-1.0,actor_8,test,1,0.44487724,false_positive
/Users/usuario/kenya/mostacho_v2.2/artifacts/dmd_processed_dmd_r3/images/dmd__gB__8__s4__gB_8_s4_2019-03-20T14_39_41_01_00_rgb_face/t_0130.500_label_0.jpg,0,actor_8,session_s4,dmd__gB__8__s4__gB_8_s4_2019-03-20T14_39_41_01_00_rgb_face,130.5,/Users/usuario/kenya/db/artificialvision/dmd/gB/8/s4/gB_8_s4_2019-03-20T14;39;41+01;00_rgb_face.mp4,/Users/usuario/kenya/db/artificialvision/dmd/gB/8/s4/gB_8_s4_2019-03-20T14;39;41+01;00_rgb_ann_distraction.json,driver_actions/unclassified,driver actions unclassified,False,-1.0,actor_8,test,1,0.6788635,false_positive
/Users/usuario/kenya/mostacho_v2.2/artifacts/dmd_processed_dmd_r3/images/dmd__gB__8__s4__gB_8_s4_2019-03-20T14_39_41_01_00_rgb_face/t_0183.000_label_1.jpg,1,actor_8,session_s4,dmd__gB__8__s4__gB_8_s4_2019-03-20T14_39_41_01_00_rgb_face,183.0,/Users/usuario/kenya/db/artificialvision/dmd/gB/8/s4/gB_8_s4_2019-03-20T14;39;41+01;00_rgb_face.mp4,/Users/usuario/kenya/db/artificialvision/dmd/gB/8/s4/gB_8_s4_2019-03-20T14;39;41+01;00_rgb_ann_distraction.json,driver_actions/phonecall_right,driver actions phonecall right,False,-1.0,actor_8,test,0,0.110881254,false_negative
/Users/usuario/kenya/mostacho_v2.2/artifacts/dmd_processed_dmd_r3/images/dmd__gB__8__s4__gB_8_s4_2019-03-20T14_39_41_01_00_rgb_face/t_0216.750_label_1.jpg,1,actor_8,session_s4,dmd__gB__8__s4__gB_8_s4_2019-03-20T14_39_41_01_00_rgb_face,216.75,/Users/usuario/kenya/db/artificialvision/dmd/gB/8/s4/gB_8_s4_2019-03-20T14;39;41+01;00_rgb_face.mp4,/Users/usuario/kenya/db/artificialvision/dmd/gB/8/s4/gB_8_s4_2019-03-20T14;39;41+01;00_rgb_ann_distraction.json,driver_actions/texting_right,driver actions texting right,False,-1.0,actor_8,test,0,0.04788445,false_negative
/Users/usuario/kenya/mostacho_v2.2/artifacts/dmd_processed_dmd_r3/images/dmd__gB__8__s4__gB_8_s4_2019-03-20T14_39_41_01_00_rgb_face/t_0217.500_label_1.jpg,1,actor_8,session_s4,dmd__gB__8__s4__gB_8_s4_2019-03-20T14_39_41_01_00_rgb_face,217.5,/Users/usuario/kenya/db/artificialvision/dmd/gB/8/s4/gB_8_s4_2019-03-20T14;39;41+01;00_rgb_face.mp4,/Users/usuario/kenya/db/artificialvision/dmd/gB/8/s4/gB_8_s4_2019-03-20T14;39;41+01;00_rgb_ann_distraction.json,driver_actions/texting_right,driver actions texting right,False,-1.0,actor_8,test,0,0.09149884,false_negative
/Users/usuario/kenya/mostacho_v2.2/artifacts/dmd_processed_dmd_r3/images/dmd__gB__8__s4__gB_8_s4_2019-03-20T14_39_41_01_00_rgb_face/t_0220.500_label_1.jpg,1,actor_8,session_s4,dmd__gB__8__s4__gB_8_s4_2019-03-20T14_39_41_01_00_rgb_face,220.5,/Users/usuario/kenya/db/artificialvision/dmd/gB/8/s4/gB_8_s4_2019-03-20T14;39;41+01;00_rgb_face.mp4,/Users/usuario/kenya/db/artificialvision/dmd/gB/8/s4/gB_8_s4_2019-03-20T14;39;41+01;00_rgb_ann_distraction.json,driver_actions/texting_right,driver actions texting right,False,-1.0,actor_8,test,0,0.0638445,false_negative
/Users/usuario/kenya/mostacho_v2.2/artifacts/dmd_processed_dmd_r3/images/dmd__gB__8__s4__gB_8_s4_2019-03-20T14_39_41_01_00_rgb_face/t_0240.000_label_0.jpg,0,actor_8,session_s4,dmd__gB__8__s4__gB_8_s4_2019-03-20T14_39_41_01_00_rgb_face,240.0,/Users/usuario/kenya/db/artificialvision/dmd/gB/8/s4/gB_8_s4_2019-03-20T14;39;41+01;00_rgb_face.mp4,/Users/usuario/kenya/db/artificialvision/dmd/gB/8/s4/gB_8_s4_2019-03-20T14;39;41+01;00_rgb_ann_distraction.json,driver_actions/unclassified,driver actions unclassified,False,-1.0,actor_8,test,1,0.8747962,false_positive
/Users/usuario/kenya/mostacho_v2.2/artifacts/dmd_processed_dmd_r3/images/dmd__gB__8__s4__gB_8_s4_2019-03-20T14_39_41_01_00_rgb_face/t_0292.500_label_0.jpg,0,actor_8,session_s4,dmd__gB__8__s4__gB_8_s4_2019-03-20T14_39_41_01_00_rgb_face,292.5,/Users/usuario/kenya/db/artificialvision/dmd/gB/8/s4/gB_8_s4_2019-03-20T14;39;41+01;00_rgb_face.mp4,/Users/usuario/kenya/db/artificialvision/dmd/gB/8/s4/gB_8_s4_2019-03-20T14;39;41+01;00_rgb_ann_distraction.json,driver_actions/unclassified,driver actions unclassified,False,-1.0,actor_8,test,1,0.42305702,false_positive
/Users/usuario/kenya/mostacho_v2.2/artifacts/dmd_processed_dmd_r3/images/dmd__gB__8__s4__gB_8_s4_2019-03-20T14_39_41_01_00_rgb_face/t_0294.750_label_0.jpg,0,actor_8,session_s4,dmd__gB__8__s4__gB_8_s4_2019-03-20T14_39_41_01_00_rgb_face,294.75,/Users/usuario/kenya/db/artificialvision/dmd/gB/8/s4/gB_8_s4_2019-03-20T14;39;41+01;00_rgb_face.mp4,/Users/usuario/kenya/db/artificialvision/dmd/gB/8/s4/gB_8_s4_2019-03-20T14;39;41+01;00_rgb_ann_distraction.json,driver_actions/unclassified,driver actions unclassified,False,-1.0,actor_8,test,1,0.8881045,false_positive
/Users/usuario/kenya/mostacho_v2.2/artifacts/dmd_processed_dmd_r3/images/dmd__gB__8__s4__gB_8_s4_2019-03-20T14_39_41_01_00_rgb_face/t_0295.500_label_0.jpg,0,actor_8,session_s4,dmd__gB__8__s4__gB_8_s4_2019-03-20T14_39_41_01_00_rgb_face,295.5,/Users/usuario/kenya/db/artificialvision/dmd/gB/8/s4/gB_8_s4_2019-03-20T14;39;41+01;00_rgb_face.mp4,/Users/usuario/kenya/db/artificialvision/dmd/gB/8/s4/gB_8_s4_2019-03-20T14;39;41+01;00_rgb_ann_distraction.json,driver_actions/unclassified,driver actions unclassified,False,-1.0,actor_8,test,1,0.40285552,false_positive
/Users/usuario/kenya/mostacho_v2.2/artifacts/dmd_processed_dmd_r3/images/dmd__gB__8__s4__gB_8_s4_2019-03-20T14_39_41_01_00_rgb_face/t_0296.250_label_0.jpg,0,actor_8,session_s4,dmd__gB__8__s4__gB_8_s4_2019-03-20T14_39_41_01_00_rgb_face,296.25,/Users/usuario/kenya/db/artificialvision/dmd/gB/8/s4/gB_8_s4_2019-03-20T14;39;41+01;00_rgb_face.mp4,/Users/usuario/kenya/db/artificialvision/dmd/gB/8/s4/gB_8_s4_2019-03-20T14;39;41+01;00_rgb_ann_distraction.json,driver_actions/unclassified,driver actions unclassified,False,-1.0,actor_8,test,1,0.6040278,false_positive
/Users/usuario/kenya/mostacho_v2.2/artifacts/dmd_processed_dmd_r3/images/dmd__gB__8__s4__gB_8_s4_2019-03-20T14_39_41_01_00_rgb_face/t_0297.000_label_0.jpg,0,actor_8,session_s4,dmd__gB__8__s4__gB_8_s4_2019-03-20T14_39_41_01_00_rgb_face,297.0,/Users/usuario/kenya/db/artificialvision/dmd/gB/8/s4/gB_8_s4_2019-03-20T14;39;41+01;00_rgb_face.mp4,/Users/usuario/kenya/db/artificialvision/dmd/gB/8/s4/gB_8_s4_2019-03-20T14;39;41+01;00_rgb_ann_distraction.json,driver_actions/unclassified,driver actions unclassified,False,-1.0,actor_8,test,1,0.7216393,false_positive
/Users/usuario/kenya/mostacho_v2.2/artifacts/dmd_processed_dmd_r3/images/dmd__gB__8__s4__gB_8_s4_2019-03-20T14_39_41_01_00_rgb_face/t_0342.750_label_1.jpg,1,actor_8,session_s4,dmd__gB__8__s4__gB_8_s4_2019-03-20T14_39_41_01_00_rgb_face,342.75,/Users/usuario/kenya/db/artificialvision/dmd/gB/8/s4/gB_8_s4_2019-03-20T14;39;41+01;00_rgb_face.mp4,/Users/usuario/kenya/db/artificialvision/dmd/gB/8/s4/gB_8_s4_2019-03-20T14;39;41+01;00_rgb_ann_distraction.json,driver_actions/phonecall_left,driver actions phonecall left,False,-1.0,actor_8,test,0,0.24773952,false_negative
/Users/usuario/kenya/mostacho_v2.2/artifacts/dmd_processed_dmd_r3/images/dmd__gB__8__s4__gB_8_s4_2019-03-20T14_39_41_01_00_rgb_face/t_0362.250_label_0.jpg,0,actor_8,session_s4,dmd__gB__8__s4__gB_8_s4_2019-03-20T14_39_41_01_00_rgb_face,362.25,/Users/usuario/kenya/db/artificialvision/dmd/gB/8/s4/gB_8_s4_2019-03-20T14;39;41+01;00_rgb_face.mp4,/Users/usuario/kenya/db/artificialvision/dmd/gB/8/s4/gB_8_s4_2019-03-20T14;39;41+01;00_rgb_ann_distraction.json,driver_actions/change_gear,driver actions change gear,False,-1.0,actor_8,test,1,0.9999449,false_positive
/Users/usuario/kenya/mostacho_v2.2/artifacts/dmd_processed_dmd_r3/images/dmd__gB__8__s4__gB_8_s4_2019-03-20T14_39_41_01_00_rgb_face/t_0374.250_label_0.jpg,0,actor_8,session_s4,dmd__gB__8__s4__gB_8_s4_2019-03-20T14_39_41_01_00_rgb_face,374.25,/Users/usuario/kenya/db/artificialvision/dmd/gB/8/s4/gB_8_s4_2019-03-20T14;39;41+01;00_rgb_face.mp4,/Users/usuario/kenya/db/artificialvision/dmd/gB/8/s4/gB_8_s4_2019-03-20T14;39;41+01;00_rgb_ann_distraction.json,driver_actions/unclassified,driver actions unclassified,False,-1.0,actor_8,test,1,0.55632764,false_positive
/Users/usuario/kenya/mostacho_v2.2/artifacts/dmd_processed_dmd_r3/images/dmd__gB__8__s4__gB_8_s4_2019-03-20T14_39_41_01_00_rgb_face/t_0390.750_label_0.jpg,0,actor_8,session_s4,dmd__gB__8__s4__gB_8_s4_2019-03-20T14_39_41_01_00_rgb_face,390.75,/Users/usuario/kenya/db/artificialvision/dmd/gB/8/s4/gB_8_s4_2019-03-20T14;39;41+01;00_rgb_face.mp4,/Users/usuario/kenya/db/artificialvision/dmd/gB/8/s4/gB_8_s4_2019-03-20T14;39;41+01;00_rgb_ann_distraction.json,driver_actions/reach_side,driver actions reach side,False,-1.0,actor_8,test,1,0.79522294,false_positive
/Users/usuario/kenya/mostacho_v2.2/artifacts/dmd_processed_dmd_r3/images/dmd__gB__8__s4__gB_8_s4_2019-03-20T14_39_41_01_00_rgb_face/t_0405.000_label_1.jpg,1,actor_8,session_s4,dmd__gB__8__s4__gB_8_s4_2019-03-20T14_39_41_01_00_rgb_face,405.0,/Users/usuario/kenya/db/artificialvision/dmd/gB/8/s4/gB_8_s4_2019-03-20T14;39;41+01;00_rgb_face.mp4,/Users/usuario/kenya/db/artificialvision/dmd/gB/8/s4/gB_8_s4_2019-03-20T14;39;41+01;00_rgb_ann_distraction.json,driver_actions/texting_left,driver actions texting left,False,-1.0,actor_8,test,0,0.0662383,false_negative
/Users/usuario/kenya/mostacho_v2.2/artifacts/dmd_processed_dmd_r3/images/dmd__gB__8__s4__gB_8_s4_2019-03-20T14_39_41_01_00_rgb_face/t_0409.500_label_0.jpg,0,actor_8,session_s4,dmd__gB__8__s4__gB_8_s4_2019-03-20T14_39_41_01_00_rgb_face,409.5,/Users/usuario/kenya/db/artificialvision/dmd/gB/8/s4/gB_8_s4_2019-03-20T14;39;41+01;00_rgb_face.mp4,/Users/usuario/kenya/db/artificialvision/dmd/gB/8/s4/gB_8_s4_2019-03-20T14;39;41+01;00_rgb_ann_distraction.json,driver_actions/reach_side,driver actions reach side,False,-1.0,actor_8,test,1,0.31437567,false_positive
/Users/usuario/kenya/mostacho_v2.2/artifacts/dmd_processed_dmd_r3/images/dmd__gB__8__s4__gB_8_s4_2019-03-20T14_39_41_01_00_rgb_face/t_0425.250_label_1.jpg,1,actor_8,session_s4,dmd__gB__8__s4__gB_8_s4_2019-03-20T14_39_41_01_00_rgb_face,425.25,/Users/usuario/kenya/db/artificialvision/dmd/gB/8/s4/gB_8_s4_2019-03-20T14;39;41+01;00_rgb_face.mp4,/Users/usuario/kenya/db/artificialvision/dmd/gB/8/s4/gB_8_s4_2019-03-20T14;39;41+01;00_rgb_ann_distraction.json,driver_actions/drinking,driver actions drinking,False,-1.0,actor_8,test,0,0.09746873,false_negative
/Users/usuario/kenya/mostacho_v2.2/artifacts/dmd_processed_dmd_r3/images/dmd__gB__8__s4__gB_8_s4_2019-03-20T14_39_41_01_00_rgb_face/t_0429.750_label_1.jpg,1,actor_8,session_s4,dmd__gB__8__s4__gB_8_s4_2019-03-20T14_39_41_01_00_rgb_face,429.75,/Users/usuario/kenya/db/artificialvision/dmd/gB/8/s4/gB_8_s4_2019-03-20T14;39;41+01;00_rgb_face.mp4,/Users/usuario/kenya/db/artificialvision/dmd/gB/8/s4/gB_8_s4_2019-03-20T14;39;41+01;00_rgb_ann_distraction.json,driver_actions/drinking,driver actions drinking,False,-1.0,actor_8,test,0,0.10317398,false_negative
/Users/usuario/kenya/mostacho_v2.2/artifacts/dmd_processed_dmd_r3/images/dmd__gB__8__s4__gB_8_s4_2019-03-20T14_39_41_01_00_rgb_face/t_0432.000_label_1.jpg,1,actor_8,session_s4,dmd__gB__8__s4__gB_8_s4_2019-03-20T14_39_41_01_00_rgb_face,432.0,/Users/usuario/kenya/db/artificialvision/dmd/gB/8/s4/gB_8_s4_2019-03-20T14;39;41+01;00_rgb_face.mp4,/Users/usuario/kenya/db/artificialvision/dmd/gB/8/s4/gB_8_s4_2019-03-20T14;39;41+01;00_rgb_ann_distraction.json,driver_actions/drinking,driver actions drinking,False,-1.0,actor_8,test,0,0.108780384,false_negative
/Users/usuario/kenya/mostacho_v2.2/artifacts/dmd_processed_dmd_r3/images/dmd__gB__8__s4__gB_8_s4_2019-03-20T14_39_41_01_00_rgb_face/t_0468.750_label_0.jpg,0,actor_8,session_s4,dmd__gB__8__s4__gB_8_s4_2019-03-20T14_39_41_01_00_rgb_face,468.75,/Users/usuario/kenya/db/artificialvision/dmd/gB/8/s4/gB_8_s4_2019-03-20T14;39;41+01;00_rgb_face.mp4,/Users/usuario/kenya/db/artificialvision/dmd/gB/8/s4/gB_8_s4_2019-03-20T14;39;41+01;00_rgb_ann_distraction.json,driver_actions/change_gear,driver actions change gear,False,-1.0,actor_8,test,1,0.35618687,false_positive
/Users/usuario/kenya/mostacho_v2.2/artifacts/dmd_processed_dmd_r3/images/dmd__gB__8__s4__gB_8_s4_2019-03-20T14_39_41_01_00_rgb_face/t_0489.750_label_0.jpg,0,actor_8,session_s4,dmd__gB__8__s4__gB_8_s4_2019-03-20T14_39_41_01_00_rgb_face,489.75,/Users/usuario/kenya/db/artificialvision/dmd/gB/8/s4/gB_8_s4_2019-03-20T14;39;41+01;00_rgb_face.mp4,/Users/usuario/kenya/db/artificialvision/dmd/gB/8/s4/gB_8_s4_2019-03-20T14;39;41+01;00_rgb_ann_distraction.json,driver_actions/unclassified,driver actions unclassified,False,-1.0,actor_8,test,1,0.5403599,false_positive
/Users/usuario/kenya/mostacho_v2.2/artifacts/dmd_processed_dmd_r3/images/dmd__gB__8__s4__gB_8_s4_2019-03-20T14_39_41_01_00_rgb_face/t_0500.250_label_0.jpg,0,actor_8,session_s4,dmd__gB__8__s4__gB_8_s4_2019-03-20T14_39_41_01_00_rgb_face,500.25,/Users/usuario/kenya/db/artificialvision/dmd/gB/8/s4/gB_8_s4_2019-03-20T14;39;41+01;00_rgb_face.mp4,/Users/usuario/kenya/db/artificialvision/dmd/gB/8/s4/gB_8_s4_2019-03-20T14;39;41+01;00_rgb_ann_distraction.json,driver_actions/unclassified,driver actions unclassified,False,-1.0,actor_8,test,1,0.42330644,false_positive
/Users/usuario/kenya/mostacho_v2.2/artifacts/dmd_processed_dmd_r3/images/dmd__gB__8__s4__gB_8_s4_2019-03-20T14_39_41_01_00_rgb_face/t_0501.000_label_0.jpg,0,actor_8,session_s4,dmd__gB__8__s4__gB_8_s4_2019-03-20T14_39_41_01_00_rgb_face,501.0,/Users/usuario/kenya/db/artificialvision/dmd/gB/8/s4/gB_8_s4_2019-03-20T14;39;41+01;00_rgb_face.mp4,/Users/usuario/kenya/db/artificialvision/dmd/gB/8/s4/gB_8_s4_2019-03-20T14;39;41+01;00_rgb_ann_distraction.json,driver_actions/unclassified,driver actions unclassified,False,-1.0,actor_8,test,1,0.41979092,false_positive
/Users/usuario/kenya/mostacho_v2.2/artifacts/dmd_processed_dmd_r3/images/dmd__gB__8__s4__gB_8_s4_2019-03-20T14_39_41_01_00_rgb_face/t_0501.750_label_0.jpg,0,actor_8,session_s4,dmd__gB__8__s4__gB_8_s4_2019-03-20T14_39_41_01_00_rgb_face,501.75,/Users/usuario/kenya/db/artificialvision/dmd/gB/8/s4/gB_8_s4_2019-03-20T14;39;41+01;00_rgb_face.mp4,/Users/usuario/kenya/db/artificialvision/dmd/gB/8/s4/gB_8_s4_2019-03-20T14;39;41+01;00_rgb_ann_distraction.json,driver_actions/unclassified,driver actions unclassified,False,-1.0,actor_8,test,1,0.46230614,false_positive
/Users/usuario/kenya/mostacho_v2.2/artifacts/dmd_processed_dmd_r3/images/dmd__gB__8__s4__gB_8_s4_2019-03-20T14_39_41_01_00_rgb_face/t_0503.250_label_1.jpg,1,actor_8,session_s4,dmd__gB__8__s4__gB_8_s4_2019-03-20T14_39_41_01_00_rgb_face,503.25,/Users/usuario/kenya/db/artificialvision/dmd/gB/8/s4/gB_8_s4_2019-03-20T14;39;41+01;00_rgb_face.mp4,/Users/usuario/kenya/db/artificialvision/dmd/gB/8/s4/gB_8_s4_2019-03-20T14;39;41+01;00_rgb_ann_distraction.json,driver_actions/texting_left,driver actions texting left,False,-1.0,actor_8,test,0,0.117566414,false_negative
/Users/usuario/kenya/mostacho_v2.2/artifacts/dmd_processed_dmd_r3/images/dmd__gB__8__s4__gB_8_s4_2019-03-20T14_39_41_01_00_rgb_face/t_0504.750_label_1.jpg,1,actor_8,session_s4,dmd__gB__8__s4__gB_8_s4_2019-03-20T14_39_41_01_00_rgb_face,504.75,/Users/usuario/kenya/db/artificialvision/dmd/gB/8/s4/gB_8_s4_2019-03-20T14;39;41+01;00_rgb_face.mp4,/Users/usuario/kenya/db/artificialvision/dmd/gB/8/s4/gB_8_s4_2019-03-20T14;39;41+01;00_rgb_ann_distraction.json,driver_actions/texting_left,driver actions texting left,False,-1.0,actor_8,test,0,0.13468726,false_negative
/Users/usuario/kenya/mostacho_v2.2/artifacts/dmd_processed_dmd_r3/images/dmd__gB__8__s4__gB_8_s4_2019-03-20T14_39_41_01_00_rgb_face/t_0529.500_label_0.jpg,0,actor_8,session_s4,dmd__gB__8__s4__gB_8_s4_2019-03-20T14_39_41_01_00_rgb_face,529.5,/Users/usuario/kenya/db/artificialvision/dmd/gB/8/s4/gB_8_s4_2019-03-20T14;39;41+01;00_rgb_face.mp4,/Users/usuario/kenya/db/artificialvision/dmd/gB/8/s4/gB_8_s4_2019-03-20T14;39;41+01;00_rgb_ann_distraction.json,driver_actions/reach_side,driver actions reach side,False,-1.0,actor_8,test,1,0.31342822,false_positive
/Users/usuario/kenya/mostacho_v2.2/artifacts/dmd_processed_dmd_r3/images/dmd__gB__8__s4__gB_8_s4_2019-03-20T14_39_41_01_00_rgb_face/t_0534.750_label_1.jpg,1,actor_8,session_s4,dmd__gB__8__s4__gB_8_s4_2019-03-20T14_39_41_01_00_rgb_face,534.75,/Users/usuario/kenya/db/artificialvision/dmd/gB/8/s4/gB_8_s4_2019-03-20T14;39;41+01;00_rgb_face.mp4,/Users/usuario/kenya/db/artificialvision/dmd/gB/8/s4/gB_8_s4_2019-03-20T14;39;41+01;00_rgb_ann_distraction.json,driver_actions/hair_and_makeup,driver actions hair and makeup,False,-1.0,actor_8,test,0,0.11457666,false_negative
/Users/usuario/kenya/mostacho_v2.2/artifacts/dmd_processed_dmd_r3/images/dmd__gB__8__s4__gB_8_s4_2019-03-20T14_39_41_01_00_rgb_face/t_0552.750_label_1.jpg,1,actor_8,session_s4,dmd__gB__8__s4__gB_8_s4_2019-03-20T14_39_41_01_00_rgb_face,552.75,/Users/usuario/kenya/db/artificialvision/dmd/gB/8/s4/gB_8_s4_2019-03-20T14;39;41+01;00_rgb_face.mp4,/Users/usuario/kenya/db/artificialvision/dmd/gB/8/s4/gB_8_s4_2019-03-20T14;39;41+01;00_rgb_ann_distraction.json,driver_actions/hair_and_makeup,driver actions hair and makeup,False,-1.0,actor_8,test,0,0.20386568,false_negative
/Users/usuario/kenya/mostacho_v2.2/artifacts/dmd_processed_dmd_r3/images/dmd__gB__8__s4__gB_8_s4_2019-03-20T14_39_41_01_00_rgb_face/t_0563.250_label_0.jpg,0,actor_8,session_s4,dmd__gB__8__s4__gB_8_s4_2019-03-20T14_39_41_01_00_rgb_face,563.25,/Users/usuario/kenya/db/artificialvision/dmd/gB/8/s4/gB_8_s4_2019-03-20T14;39;41+01;00_rgb_face.mp4,/Users/usuario/kenya/db/artificialvision/dmd/gB/8/s4/gB_8_s4_2019-03-20T14;39;41+01;00_rgb_ann_distraction.json,driver_actions/unclassified,driver actions unclassified,False,-1.0,actor_8,test,1,0.4000921,false_positive
/Users/usuario/kenya/mostacho_v2.2/artifacts/dmd_processed_dmd_r3/images/dmd__gB__8__s4__gB_8_s4_2019-03-20T14_39_41_01_00_rgb_face/t_0564.000_label_0.jpg,0,actor_8,session_s4,dmd__gB__8__s4__gB_8_s4_2019-03-20T14_39_41_01_00_rgb_face,564.0,/Users/usuario/kenya/db/artificialvision/dmd/gB/8/s4/gB_8_s4_2019-03-20T14;39;41+01;00_rgb_face.mp4,/Users/usuario/kenya/db/artificialvision/dmd/gB/8/s4/gB_8_s4_2019-03-20T14;39;41+01;00_rgb_ann_distraction.json,driver_actions/unclassified,driver actions unclassified,False,-1.0,actor_8,test,1,0.5848212,false_positive
/Users/usuario/kenya/mostacho_v2.2/artifacts/dmd_processed_dmd_r3/images/dmd__gB__8__s4__gB_8_s4_2019-03-20T14_39_41_01_00_rgb_face/t_0564.750_label_0.jpg,0,actor_8,session_s4,dmd__gB__8__s4__gB_8_s4_2019-03-20T14_39_41_01_00_rgb_face,564.75,/Users/usuario/kenya/db/artificialvision/dmd/gB/8/s4/gB_8_s4_2019-03-20T14;39;41+01;00_rgb_face.mp4,/Users/usuario/kenya/db/artificialvision/dmd/gB/8/s4/gB_8_s4_2019-03-20T14;39;41+01;00_rgb_ann_distraction.json,driver_actions/unclassified,driver actions unclassified,False,-1.0,actor_8,test,1,0.4869379,false_positive
/Users/usuario/kenya/mostacho_v2.2/artifacts/dmd_processed_dmd_r3/images/dmd__gB__8__s4__gB_8_s4_2019-03-20T14_39_41_01_00_rgb_face/t_0567.000_label_0.jpg,0,actor_8,session_s4,dmd__gB__8__s4__gB_8_s4_2019-03-20T14_39_41_01_00_rgb_face,567.0,/Users/usuario/kenya/db/artificialvision/dmd/gB/8/s4/gB_8_s4_2019-03-20T14;39;41+01;00_rgb_face.mp4,/Users/usuario/kenya/db/artificialvision/dmd/gB/8/s4/gB_8_s4_2019-03-20T14;39;41+01;00_rgb_ann_distraction.json,driver_actions/unclassified,driver actions unclassified,False,-1.0,actor_8,test,1,0.77198035,false_positive
/Users/usuario/kenya/mostacho_v2.2/artifacts/dmd_processed_dmd_r3/images/dmd__gB__8__s4__gB_8_s4_2019-03-20T14_39_41_01_00_rgb_face/t_0570.000_label_1.jpg,1,actor_8,session_s4,dmd__gB__8__s4__gB_8_s4_2019-03-20T14_39_41_01_00_rgb_face,570.0,/Users/usuario/kenya/db/artificialvision/dmd/gB/8/s4/gB_8_s4_2019-03-20T14;39;41+01;00_rgb_face.mp4,/Users/usuario/kenya/db/artificialvision/dmd/gB/8/s4/gB_8_s4_2019-03-20T14;39;41+01;00_rgb_ann_distraction.json,driver_actions/drinking,driver actions drinking,False,-1.0,actor_8,test,0,0.21830289,false_negative
/Users/usuario/kenya/mostacho_v2.2/artifacts/dmd_processed_dmd_r3/images/dmd__gB__8__s4__gB_8_s4_2019-03-20T14_39_41_01_00_rgb_face/t_0575.250_label_0.jpg,0,actor_8,session_s4,dmd__gB__8__s4__gB_8_s4_2019-03-20T14_39_41_01_00_rgb_face,575.25,/Users/usuario/kenya/db/artificialvision/dmd/gB/8/s4/gB_8_s4_2019-03-20T14;39;41+01;00_rgb_face.mp4,/Users/usuario/kenya/db/artificialvision/dmd/gB/8/s4/gB_8_s4_2019-03-20T14;39;41+01;00_rgb_ann_distraction.json,driver_actions/unclassified,driver actions unclassified,False,-1.0,actor_8,test,1,0.57361996,false_positive
